,name,nutri_fat,nutri_satuFat,nutri_carbohydrate,nutri_sugar,nutri_fiber,nutri_protein,nutri_salt,nutri_kcal
0,Mango and chilis pickles - Mother's receip,1.5,,1.0,,,,,20.0
1,Max Protein - Rite it’s,,,14.8,,5.0,20.0,,267.0
2,Kamarkat - 100 gm,,,,,,2.0,,452.0
3,Сырок глазурованный ваниль - Ферма,26.1,18.8,29.3,29.0,1.1,11.7,,401.0
4,Ibugesic,,,,,,,0.0,
5,Salted Peanuts - Panjwani,47.78,7.86,28.26,7.26,19.26,0.0,17.98,609.0
6,Special suji rusk - Veer jee,2.6,,1.4,,,2.1,,118.0
7,Frooti Mango drink,,,15.8,15.8,0.4,,,84.0
8,Chives Kimchi - 80Million Kimchi,,,3.571,,3.571,3.571,,35.0
9,Masala  oats - Soffola,3.0,0.04,23.8,2.4,2.4,2.8,,133.0
10,Kai Murruku - Anna bytes,30.0,9.333,56.667,1.667,0.333,10.0,,533.0
11,Insight Banana Loose Powder,,,,,,,0.0,
12,Parle G - 55g,13.0,6.0,77.3,25.5,,6.9,0.74,454.0
13,malt vinegar - heinz,,,,,,,0.0,
14,Yummy - Anmol - 35g,16.89,8.81,74.47,29.6,,6.27,0.535,474.0
15,White Toast - Innlay Bakery,2.381,3.571,83.333,91.667,,11.905,,402.0
16,Shrimp,,,,,,19.469,,79.0
17,Strawberry milk - SHATTO,13.0,8.0,46.0,30.0,,12.0,,360.0
18,Spaghetti - Lubella,1.4,0.4,70.0,4.2,3.0,13.0,,351.0
19,Chicken tikka - Sardar,9.28,,6.4,,,15.27,,170.0
20,Taka tak - 100g,35.0,17.0,50.0,0.5,,7.0,,543.0
21,Brut - 283g,,,,,,,,
22,Eggs - Mae’s Eggs,9.524,,,,,12.698,,142.0
23,Bread - iD,2.9,0.6,0.8,1.5,0.0,,55.2,285.0
24,Dark chocolate Muesli - Yoga bar,13.3,4.9,67.0,6.7,9.4,13.3,,437.0
25,Super muesli - Yoga Bar,21.6,,39.8,,15.1,17.4,,425.0
26,Cuajada hondureña - La cremosita,5.0,3.5,1.0,,,5.0,,70.0
27,Zesty Orange - Santé,0.2,,7.75,7.4,0.05,0.3,,31000.0
28,Super Spoon - Kri Kri,,,20.0,19.0,,15.0,,141.0
29,Muesli+ - Yoga Bar,9.5,2.0,70.0,4.8,7.5,13.0,0.0,418.0
30,राम बंधू पापड मसाला - 100g,0.37,,9.48,,8.17,1.82,,49.0
31,Saffola Oats,5.3,,66.8,,10.4,12.6,,345.0
32,Dal makhani - Kohinoor,3.2,0.5,13.9,0.2,4.8,2.9,,83.0
33,Fit mix - Jewel farmer,40.7,5.78,34.7,12.6,12.8,15.0,,565.0
34,Protien bar - Yoga bar,14.7,2.5,19.2,5.6,10.6,20.0,,268.0
35,Milk Chocolate Chickpea Snacks - Lebby,26.19,,52.381,,7.143,11.905,,500.0
36,Vegan Cocktail samosa - Haldiram’s minute khana,17.4,2.8,40.0,1.0,10.0,5.4,,340.0
37,Krombachers Fassbrause Zitrone - Krombacher,,,7.1,6.7,,,,29.0
38,Chat at matar - Bingo,20.0,9.0,59.0,10.0,,,,475.0
39,sanju,,20.0,20.0,20.0,20.0,20.0,,
40,Salted Caramel - Häagen-Dazs,16.3,10.9,28.1,25.3,,4.0,,275.0
41,RandomTest - TestBrand,5.2,,,,,,0.0,
42,Chocobar chocoholic - The brooklyn creamery,12.182,8.727,22.182,3.091,3.273,3.818,,180.0
43,Litchi - Real,,,14.0,14.0,,0.1,,56.0
44,Cuppa Rice - Daawat,10.0,4.6,64.7,0.5,,13.1,,285.0
45,Mango - B Natural,,,15.0,3.4,1.0,0.1,,106.0
46,Protein - Food strong,3.333,2.727,15.455,10.606,,72.121,,381.0
47,Nissin,17.0,6.0,66.0,6.0,9.0,9.0,,363.0
48,Plix  fit and slim smoothie chocolate,2.6,,14.6,5.2,3.7,15.13,,142.0
49,Sei White Tea - Teamonk,0.03,,0.03,,,0.43,,2.0
50,Yummy Guava - Paper boat,,,14.0,13.5,,,,56.0
51,Chicken breast - Zorabian,1.3,,,,,25.6,,114.0
52,Granola - Fit flex,1.1,,16.8,3.7,1.3,1.9,,94.0
53,Horlicks classic malt - Hindustan Unilever Ltd - 500g,,,,,,,0.0,
54,High protein paneer - Punjab Sindh,6.0,,4.5,,,22.0,,160.0
55,8.90E+12,,,,,,,0.0,
56,Bullet coffee - Mad coffee,220.0,,50.0,,20.0,20.0,,2100.0
57,Oreo Original chocolate sandwich biscuits -,19.7,9.8,70.3,37.8,,5.5,,480.0
58,rahul,,,,,,,0.0,
59,Protein powder - ASITIS,4.667,,3.733,,2.8,93.333,,426.0
60,Oreo Original chocolate sandwich biscuits - 46.3g,19.6,9.7,71.9,38.8,0.0,5.2,,483.0
61,ranishaco 21,,,,,,,0.0,
62,Banana chips - Kozhi,27.3,,65.7,,7.9,2.5,,511.0
63,Plain Yogurt - Parag,3.0,,4.0,,,3.0,,58.0
64,Whole truth protein bar,28.462,7.692,36.538,28.462,4.808,23.846,,498.0
65,Imitation Snow crab,2.18,0.58,11.39,3.95,,9.88,,104.0
66,Atea - 25,,,,,,,0.0,
67,Foxtail  millet - Manna,1.0,,33.0,,3.0,5.0,,106.0
68,Organic Mojito,0.0,0.0,14.0,13.6,,0.0,,56.0
69,Banana chips Peri-Peri - Ol’tymes,8.9,6.4,15.3,5.9,0.88,0.7,,144.0
70,Tim tim walnut - kashmir walnut group - 250g,,,11.0,,,15.6,,687.0
71,Moov - 1,,,,,,,0.0,
72,Himalaya since 1930,,,,,,,0.0,
73,Oats - Turbo,2.0,74.0,,12.0,12.0,,,
74,Naan  Nature - Haldiram’s,4.0,0.4,46.1,2.3,0.2,6.6,,247.0
75,CHOCOS - 10,3.9,3.0,2.0,4.0,1.0,17.0,1.0,2.0
76,Muscle Gainer,2.5,,24.0,,5.0,25.5,,222.0
77,Vegan Plant Protein Powder - Be Bodywise,0.17,0.08,1.96,,,20.44,,91.0
78,Choco - Delhaize,31.0,5.7,57.0,55.0,3.9,5.7,,2236.0
79,Boules de Sésame sucré - CHITTI,21.1,,36.8,36.2,3.93,5.3,,421.0
80,Mustard oil - Nature Active,100.0,6.0,,,,,,900.0
81,Nacho chips sweet chilli - Cornitos nacho chips,25.0,,64.286,,7.143,7.143,,492.0
82,Dairy Milk,,,,,,,0.0,
83,Lait de soja - Bon Déjeuner,3.0,2.0,11.0,,,3.0,,84.0
84,Lait de soja - Bon Déjeuner,1.12,,10.72,,,2.0,,60.0
85,Hot&Spicy Samosa - Haldiram,16.0,2.571,35.286,,2.143,5.143,,310.0
86,Tops Mango Pickle - 1 Kg,4.0,0.47,20.0,0.0,0.0,1.4,0.0,122.0
87,Nestle Resource High Protein - 1Kg,2.8,0.0,41.7,0.1,5.0,45.0,0.525,372.0
88,Women Horlicks - Horlics - 400g,3.0,0.0,68.2,0.0,0.0,15.0,0.0,359.0
89,Cabruary Bourn Vita - 1 Kg,1.8,0.9,85.2,32.0,3.6,7.0,0.0,393.0
90,Women Horlicks - Horlics - 400g,3.0,0.0,68.2,0.0,0.0,15.0,0.0,359.0
91,Veer - 4,,,,,,,0.0,
92,FULL 365 - 24,,,,,,,0.0,
93,Hing - Ramdev,4.46,0.82,75.61,,6.1,8.4,,376.0
94,Malabar parota - 10 Nos,7.02,,0.2,,,,0.0,
95,Sarson ka saag - Sohna,,,11.0,,7.0,3.0,,60.0
96,Oat Granola - Express FOODS,19.1,3.1,67.0,12.1,4.0,8.5,,476.0
97,Riz basmati - Alishaan,0.5,0.1,78.0,,1.5,8.0,,349.0
98,Bhindi - Ashoka,,,6.0,,,1.0,,35.0
99,Greek yogurt smoothie,1.5,0.9,12.2,12.1,,4.0,0.0,75.0
100,"High Calorie Gainer, Chocolate Flavour - Muscleblaze",2.2,1.5,75.0,,1.4,16.1,,375.0
101,Figaro - 200ml,,,,,,,100000000000000.0,
102,Srikhand,5.0,2.9,42.0,41.0,,5.3,,234.0
103,Kinder CereAlé - Kinder,23.1,13.0,64.7,27.1,3.3,6.6,0.238,500.0
104,Pickel,11.3,3.19,21.3,3.26,,3.39,,200.0
105,Oil - 1l,0.1,8.0,0.0,0.0,0.0,0.0,0.0,0.0
106,Lassi,2.7,,20.7,16.0,,2.4,,117.0
107,closeup toothpaste - 150g,,,,,,,0.0,
108,Apple juice,0.0,0.0,12.0,0.0,,0.0,0.0,54.0
109,Aajhree - 1,7.0,,,0.0,,6.0,0.0,400.0
110,chyawanprabha - patanjali - 750 g,0.4,0.28,7.8,3.6,5.6,0.11,0.0,35.0
111,Dana Whole Milk,3.6,2.2,4.8,0.0,,3.2,0.118,64.0
112,Pista Chikki - Shri Mahalaxmi - 450 g,29.19,9.65,51.84,,9.874,,,533.0
113,doctor,,,,,,,0.0,
114,Toasted miller muesli,23.82,18.36,63.3,20.9,,9.78,,474.0
115,Organic Spicy Avocado Hummus - Trader Joe's,4.0,0.5,0.1,0.0,,2.0,1.15,8.0
116,Chat Masala (Mix spices powder),5.3,0.0,17.5,0.0,,14.0,0.0,173.0
117,Dark chocolate peanut butter,38.8,13.24,31.34,17.4,,26.66,0.0,565.0
118,8.90E+12,,,,,,,0.0,
119,Namkeen - Haldiram's - 20,28.1,8.6,57.8,10.8,7.6,11.2,14.8,528.0
120,100066,71.7,16.6,8.97,0.0,,17.2,,758.0
121,Sowbhagya foods - 500GM,15.4,,22.8,0.0,0.9,4.1,0.34,4.0
122,Kuthu vilakku - wheat flour (atta),,75.0,,,12.0,,0.0,
123,Muscleblaze - 4kg,0.35,0.0,0.0,,0.0,46.67,0.0,0.0
124,Sainda namak - 200g,,,,,,,0.0,
125,Nan Khatai,4.5,1.0,11.0,4.0,,1.0,,89.0
126,Clear shampoo - 6 ml+ 15% extra =7 ml,,,,,,,0.0,
127,Dugra ghee - 910g,,,,,0.0,,0.0,
128,Yippee - 420gms,20.1,10.7,62.6,3.0,,9.0,,468.0
129,Pantene pro-v oil replacement - 80 ml,,,,,,,0.0,
130,Blueberries,0.0,0.0,82.667,43.333,,2.333,0.0,347.0
131,Yop!,1.3,1.0,12.4,11.0,,2.8,0.2,79.0
132,Omega 3,,,,,,0.0,,
133,Marie GOLD - Britannia - 300g,12.0,5.5,77.0,22.0,5.0,8.0,10.0,10.0
134,Amul,,,,,,,0.0,
135,Vadilal Gourmet Nutty Belgian Dark chocolate Super Premium Ice Cream,,,,,,,0.0,
136,Coca Cola - 180ml,,,,,,,0.0,
137,Vikas Saxena - Veg pro - 60g,0.5,,33.0,,,52.0,,345.0
138,Raviolis aux tomates confites et romarain - Saint-Jean,7.1,2.4,41.0,3.6,,9.8,1.5,272.0
139,milky mist  fresh  cream,,,,,,,0.0,
140,veggiee fingers - McCain - 175g,7.01,3.27,24.6,0.0,0.0,3.06,,181.0
141,Potato crackers - Bombay Sweets - 22g,,,,,,,0.0,
142,suji - Akshat group - 500 g,0.6,,75.0,,,13.0,,349.0
143,Sabudana - Shri Varalakshmi Company - 500 g,0.2,,87.1,,0.18,0.2,,351.0
144,Besan - Lal Gulab - 500 g,5.62,,61.6,,11.8,23.0,,385.0
145,Walnuts - Proventus Retail Pvt Ltd. - 500 g,63.84,,10.36,,6.75,17.31,0.545,685.0
146,Haldiram's Pasta - Haldirams - 200 g,1.1,,78.8,0.0,,0.18,0.0,367.0
147,mamra almonds - K.B.B Nuts Pvt. Ltd. - 250 g,49.4,3.7,21.7,3.9,12.2,21.2,0.002,575.0
148,Lipton green tea honey lemon - 25 N * 1.6 g,,,,,,,,
149,mom chinese fried rice - alimento agro - 87 g,13.8,2.3,57.5,4.6,5.75,9.2,4.98,387.0
150,Tarmarind Sauce - nestle - 90 g,0.0,0.0,43.6,42.1,1.3,0.6,3.28,177.0
151,Boondi - Haldirams - 150 g,41.17,,,39.55,0.0,4.63,13.75,584.0
152,Sugarlite - Zydus Wellness - 500 g,0.0,,2.48,2.48,,0.0,,9.0
153,Black Bourbon,16.2,7.6,75.8,42.8,,5.2,0.0,470.0
154,Ginger garlic paste,0.0,0.0,16.0,1.0,,2.0,0.0,72.0
155,Raspberry preserve,0.1,0.0,65.0,62.0,,0.7,0.0,259.0
156,Dill tzatziki - 150 g,6.4,4.29,6.1,2.62,,8.9,0.0,118.0
157,Tropicana Mixed Fruit Juice,0.0,0.0,74.0,70.0,,0.0,0.0,59.0
158,Dark Fantasy,12.0,3.0,80.0,79.0,,4.0,9.0,52.0
159,N2H GULKAND,,,,,,,0.0,
160,Vedic era Wood Press Mustard Oil - 1 LTR Yellow Mustard Oil + 500 ml Mustard Oil,99.5,,0.0,,,,,896.0
161,Fresca Lime,0.0,0.0,15.8,0.0,,0.52,0.0,66.0
162,I ball,,,,,,,0.0,
163,Karthi Keyan - Cadbury - 250 g,,,,,,,0.0,
164,Peanut butter nutrition bar,,,,,,0.0,,
165,Takatak Baked Chilli Cheese - Haldiram's,17.5,8.0,71.0,3.5,,7.0,0.0,469.0
166,Britannia Treat,20.0,12.0,73.0,36.5,,5.0,0.0,492.0
167,lays maxx macho chilli flavour,,,,,,,0.0,
168,dabur gulabari,,,,,,,0.0,
169,Nutriplato Roasted 5 Seeds Blend - 300 g,10.77,1.98,2.94,5.85,5.64,0.57,3.63,149.0
170,britannia treat croissant vanilla creme roll,,,,,,,0.0,
171,Gummy Vites,0.0,0.0,0.0,0.0,,0.0,0.0,0.0
172,Weetabix - 450 g,2.3,0.5,66.0,2.0,,11.1,0.24,358.0
173,Green chutney style - kurkure,34.4,16.0,56.3,1.9,,5.3,1.0,556.0
174,maggi coconut milk powder,,,,,,,78600000000000.0,
175,balaji wafers crunchex -,,,,,,,0.0,
176,balaji wafers chataka pataka -,,,,,,,0.0,
177,Spiced Okra Chips,9.6,7.55,36.25,6.12,,7.41,0.0,585.0
178,Organic peanut butter - 350 g,49.0,7.0,18.0,3.0,,30.0,19.0,639.0
179,Butter Bite,7.0,4.0,20.0,5.0,,2.0,1.0,150.0
180,Mango,0.0,0.0,10.07,10.07,,0.0,0.016,51.0
181,fabelle dark chocolate -,,,,,,,0.0,
182,Pata negra,,,,,,0.0,,
183,Bourbon,74.3,34.0,17.1,9.0,,6.0,1.0,475.0
184,Coriander powder - Swastik,,,,,,,0.0,
185,Veggie stix,17.9,2.6,71.0,2.9,,6.6,7.6,470.0
186,Kelloyy's Wheat Flakes,,,,,,,0.0,
187,Whole Wheat Bread - Fresho,2.6,,53.0,18.8,,8.4,,269.0
188,Shubham - Nandini,4.6,3.0,4.8,4.8,,3.3,,74.0
189,Complete pancake mix,5.5,2.0,69.8,12.7,,7.7,8.69,364.0
190,Natural Greek Yogurt - Epigamua,2.56,,6.2,0.0,,8.21,,80.0
191,Soya chips - haldirams - 50g,,,,,,,,542.0
192,Bar One - Nestlé,4.3,2.9,14.5,10.3,,1.3,35.8,122.0
193,Les Fabuleuses / Boulette d'énergie Pomme-Cannelle,8.6,4.0,48.4,38.7,,4.9,0.0,284.0
194,Boulette d'énergie cacao cacahuete,15.1,5.6,49.6,37.6,,9.9,0.025,373.0
195,Boulette d'énergie Match-Coco,17.5,11.5,50.2,39.2,,6.4,0.03,380.0
196,Organic Brown Sugar (Desi Khand) - 500 g,2.5,0.5,36.0,14.0,,4.0,0.0,180.0
197,Moong dal,20.0,7.0,49.0,2.0,,23.0,0.5,476.0
198,Duke's,0.0,0.0,0.0,0.0,,0.0,11.0,0.0
199,Bakarwadi - chitale - 250 g,35.63,8.74,46.85,8.07,,8.97,0.21,543.0
200,Periperi nachos &salsa dip - Colonel & co,9.0,,42.0,6.0,,4.0,,264.0
201,Moong Dal Burfi - Haldiram s,28.0,20.0,56.0,36.0,,8.0,,508.0
202,almond fresh - so good india - 200 ml,,,,,,,2600000000000.0,
203,Quā,0.0,0.0,0.0,0.0,,0.0,0.025,0.0
204,Maiyas Moong Dal - 35,18.8,9.4,56.4,0.0,1.0,20.2,2.125,476.0
205,Rice Kodubale - Maiyas - 40,34.6,,53.8,0.0,1.5,7.7,1.905,539.0
206,nutri choice - Britannia - 75g,21.0,10.0,68.0,14.5,6.0,8.0,,68.0
207,Mom's Magic - Sunfeast - 100g,22.9,13.9,65.1,23.9,,8.1,0.1,499.0
208,Pasteurized Toned Milk - Namaste India - 230 ml,3.1,2.23,7.8,0.0,0.0,3.52,0.108,73.0
209,catch sprinklers Table Salt - 100g,0.0,0.0,0.0,0.0,0.0,0.0,97.028,0.0
210,sattviko - 28gm,,,,,,,0.0,
211,Amul Sugar free chocolate - 150g,33.5,20.4,57.3,,0.0,6.0,,475.0
212,solen - 24 pieces,,,,,,,0.0,
213,7.11E+11,,,,,,,0.0,
214,Rishi Phalswal - Cadbury,,,,,,,0.0,
215,kitkat - 25g,,7.0,,21.0,,,76.2,106.0
216,Prostar 100 whey,3.333,1.667,6.667,3.333,,83.333,0.25,400.0
217,8.90E+12,,,,,,,0.0,
218,8.90E+12,21.2,5.7,48.9,0.0,,25.0,,478.0
219,Organic Coconut flour - Bob's Red Mill - 453 g,,,,,,,100000000000000.0,
220,Coated Wafer Layers - Perk,25.7,23.2,68.0,46.1,1.3,3.3,0.094,516.0
221,Vanilla Muffin Small - Bliss Chocolates India Pvt. Ltd. - 2 pcs,20.2,13.4,45.2,26.37,7.5,5.6,0.0,386.0
222,Pizza peanuts - Pizmame - 32g,,,,,,,0.0,
223,Goodrich - pizza topping - 200 g,24.0,19.7,5.0,0.0,0.0,12.0,0.0,284.0
224,Fennel fusion - choko la - 40g,38.49,23.76,51.39,38.45,,7.11,,580.0
225,Mohun's - 500grams,0.53,,86.0,6.29,0.55,6.42,1.346,376.0
226,Nutri choise essentials - Britannia - 150 g,18.0,8.6,72.0,0.0,10.0,7.0,,478.0
227,Pillsbury cookie cake - choco nut butter - 22 g,12.4,10.0,0.3,63.0,35.0,,4.8,383.0
228,protinex mama - Danone - 250 g,1.5,0.3,57.0,30.5,,32.0,420.0,360.0
229,Real fruit power - 1l,,,,,,,0.0,
230,Spicy (Masala) Noddles Khakhara - Maniarr's - 45g,,,,,,,0.0,
231,Pizza Khakhara - Maniarr's - 45 g,16.7,7.0,54.3,,,,2.59,0.0
232,Hutsun flaovored milk chocolate - Hatsun - 200 ml,3.0,2.0,10.0,32.0,32.0,,7.0,180.0
233,Raw pressery life + - 250ml,,12.1,10.1,,0.9,2.743,0.0,
234,Lays Spanish Tomato - fssai - 90g,,,,,,,0.0,
235,nescafé cappuccino - nestle - 5 serving packets,11.3,7.2,71.2,64.9,1.3,11.5,320.2,432.0
236,India gate Basmati rice - KRBL limited - 1 kg,0.5,,77.0,,0.001,6.7,0.262,344.0
237,Brewed vinegar - Del Monte - 180 g,0.0,0.0,0.0,,0.0,,0.0,
238,karachi's cashew biscuits - karachi bakery - 400 g,,,,,,,0.0,
239,kalimark vibro paneer - 500 ml,,,,,,,0.0,
240,e-Millet cookies - Moon Foods - 150g,23.5,,63.5,,0.37,5.3,,505.0
241,Modern Sandwich Supreme - Modern Foods - 600 g,2.1,1.37,51.0,6.3,,7.9,,254.0
242,Twister - Delfi - 320g,,22.0,15.0,,2.0,0.19,,
243,Special Mukhwas - Natraj Auroville - 200,,,,,,,0.0,
244,OMG! Oh My Ganna Ginger Groove - Nutricane - 250 ml,0.0,0.0,9.14,9.14,,0.0,,48.0
245,Crunchy Nutty Peanut Butter - United Foods - 12 oz,53.45,11.47,31.9,10.02,18.23,9.46,4.75,651.0
246,Jeera Special - BTW - 400 g,28.08,13.47,0.1,,52.02,7.8,1.78,494.0
247,Jus de mangue - Paper boat - 180ml,0.1,0.1,15.5,12.5,,0.1,0.1,62.0
248,Chikki - paper boat - 31 g,24.0,5.41,56.5,34.0,,13.9,,497.0
249,Bitterly Osmania Biscuits - Karachi Bakery - 300 g,32.0,16.0,58.0,8.0,6.0,7.0,1.704,546.0
250,Snakker - Priyagold - 24 g,21.9,,1.0,0.1,,,64.6,480.0
251,Choco Vanilla - Cream Bell - 65 ml,17.1,13.5,0.14,20.0,15.2,,2.9,246.0
252,Fantasia Ice Cream Sandwich - Cream Bell - 80 ml,7.6,2.9,0.0,32.0,14.3,,3.9,211.0
253,Idly & Dosa Batter - iD - 1kg,1.6,0.68,26.3,0.0,,5.5,0.234,143.0
254,Plain salted potato chips - Yellow diamond - 35g,33.94,15.56,52.4,1.0,,8.46,0.519,548.0
255,Khakhra -,21.0,9.0,65.0,3.0,,10.0,2.0,489.0
256,Orange Cake - Milka Wonder Cake - 150 g,19.17,12.16,,55.73,24.87,,6.92,423.0
257,Sona Masuri Rice - Kalyani - 5 Kg,,,,,,,0.0,
258,Haldirams Bhujia - 1 kg,40.8,10.4,39.5,3.9,,13.9,,580.0
259,Halirams Bhujiya sev - haldirams - 1 kg,43.5,11.5,37.14,0.0,,12.93,0.771,592.0
260,Yummy Elaichi Flavoured Sandwich - Anmol - 100 g,17.98,9.34,6.05,2.59,0.0,,73.41,484.0
261,Yummy Orange Flavoured Sandwich - Anmol - 100g,17.63,10.17,7.46,0.0,0.0,,72.39,480.0
262,Krack Jack Medium Pack -,,,,,,,0.0,
263,Cheeslings Classic - Monaco - 300 g,23.6,,65.2,3.3,,8.4,,507.0
264,Cheeselings - Classic - Parle - 150 g,20.0,9.5,69.0,3.3,,8.2,2.8,117.0
265,Manchow Instant Noodles - Capital Foods - 60 g,10.3,5.1,0.0,33.2,0.3,0.0,7.4,255.0
266,Del Monte Tomato Ketchup - 1 kg,0.0,0.0,37.0,25.0,,2.0,,156.0
267,Nutties - Cadbury - 30 grams,,,,,,,0.0,
268,Sofit Soya Milk - 200 ml,3.2,0.36,3.6,0.0,,6.4,0.0,68.0
269,tata tea gemini,,,,,,,0.0,
270,Lipton Green tea - 13g,,,,,,,0.0,
271,Dr. Oetker - 275g,55.7,9.9,12.3,5.7,,4.5,,568.0
272,Chewing gum Green Fresh pack de 4 - Hollywood,,0.3,,0.1,0.0,0.4,0.01,640.0
273,Pierre Martinet Mon taboulé a poulet à la ciboulette la barquette de 300 g,5.7,0.8,21.0,3.3,0.0,5.4,0.95,160.0
274,"Yaourts Gervais Aux Fruits, 24x50g 18+6 Gratuits",,1.5,,11.9,0.0,6.3,0.08,95.0
275,Coorg Bee Honey -  - 250 g,0.0,,2.4,,,0.4,18.796,319.0
276,Horlicks,2.0,0.0,78.0,14.0,0.0,10.0,0.362,370.0
277,JALIMALS,,,,,,,,1.0
278,Sizzlin Jalapeno Nacho Crisps - Cornitos - 33g,,67.9,3.57,3.57,7.14,2.06,,
279,Toastea - Britannia - 273 g,3.9,80.9,,,9.0,,,
280,Moisturiser - Sukin - 125ml,,,,,,,0.0,
281,lays potato chips - Lay's - 28g,33.0,13.0,54.7,6.0,,7.0,1.717,544.0
282,pasta - 200g,26.0,23.0,12.0,25.0,6.0,78.0,20.0,23.0
283,Soya chunks - 100g,1.0,0.0,34.0,16.0,17.0,51.0,0.0,349.0
284,Pasteurised standardised milk - Sudha - 500 ml,4.5,,,4.95,,,3.0,72.0
285,Soulfull Ragi Bites - 250g,12.0,6.0,77.5,24.0,,7.0,0.17,445.0
286,cake nuts and resins - britannia - 60g,18.0,8.0,7.7,2.2,0.0,,56.0,410.0
287,safari - Gandour - 26g,23.0,15.0,21.0,44.0,,4.3,0.402,491.0
288,BB cream - sugar,,,,,,,0.0,
289,moisturizer - mamaearth - 80g,,,,,,,0.0,
290,Cadbury - 130g,,,,,,,0.0,
291,Doritos Masala Mayhem Flavour - PepsiCo - 25 g,,66.6,4.5,,6.9,1.501,0.0,
292,Crema de cacahuate,49.0,7.0,18.0,3.0,,30.0,19.0,639.0
293,coconut oil - Dabur - 1,,0.0,0.0,,0.0,0.0,,
294,Patanjali Chyawanprash - 1 kg,,,,,,,0.0,
295,Thumbs up - coca cola - 2L,0.0,10.0,10.0,,0.0,0.0,,
296,Quick Chicken Pizza Instant Noodles - Wai Wai - 75 g,20.9,9.3,0.2,64.0,2.3,1.0,10.0,484.0
297,amul cow ghee - 200 ml,99.7,65.0,0.004,,0.0,0.0,,897.0
298,mountain dew - pepsi - 250 ml,0.0,0.0,12.3,12.3,,0.0,0.041,49.0
299,parle - G - 130g,,,,,,,0.0,
300,Kellogg's fruit loops - 250g,,,,,,,,100.0
301,Haldirams nut crackers - 400 g,18.0,4.0,7.0,1.0,3.0,8.0,0.75,220.0
302,santoor - skin care center,,,,,,,0.0,
303,Coca cola - 300ml,0.0,0.0,11.0,11.0,0.0,0.0,0.0,0.0
304,Britannia Marie Gold - 1 kg,,,,,,,0.0,
305,balaji wafers - 40,,,,,,,,559.0
306,ketchup,10.0,9.0,4.0,2.0,,5.0,0.0,200.0
307,Special Potato Chiwda - LaxmiNarayan - 400 g,44.08,7.68,37.92,17.93,5.4,9.6,1.11,565.0
308,pepsi black - pepsico - 250 ml,0.0,,,0.0,,,0.013,0.0
309,Amul Masti Dahi - 85 g,3.1,2.0,4.4,,,4.0,,61.0
310,Amul Taaza - 200 ml,3.0,2.0,4.8,0.0,,3.0,,58.0
311,Maggi - Desi Cheesy - Nestle - 60.5 g,,,,,,,0.0,
312,KitchenFeast GARAM MASALA - KitchenFeast The Superb Taste - 100g,,,,,,,0.0,
313,KitchenFeast MEAT MASALA - KitchenFeast The Superb Taste - 100g,,,,,,,0.0,
314,Maggi rich tomato sauce - 200g,,0.0,33.4,30.4,1.4,0.8,,137.0
315,Fruitree,0.0,0.0,8.0,8.0,,0.5,,147.0
316,Amul Kool,2.0,2.0,12.0,8.0,,3.2,7.62,416.0
317,COW'S GHEE - Patanjali - 500 ml,,,,,,,0.0,
318,snap in basil - 3g,,,,,,,0.0,
319,Philadelphia original cheese spread - 280 g,20.3,13.3,0.001,,4.67,4.67,,223.0
320,Rajam Badam drink mix,,,,,,,2000000000000.0,
321,Ponds - 1,2.0,5.0,,,,,,1.0
322,real fruit powee - dabur - 1,,14.5,,,,,,
323,B protein - british biologicals - 500g,,,,,,,0.0,
324,haldirams - 65g,23.0,10.0,67.0,3.0,,4.0,,491.0
325,1to3 Noodles - SHRI RAJA INDUSTRIES - 60 g,9.9,63.4,3.1,6.3,10.4,5.334,,
326,mapro mixed fruit jam - 1 kg,0.0,0.0,68.0,67.0,0.0,0.1,0.0,265.0
327,bhujiya - chatkins - 400 g,41.0,10.4,42.5,0.0,0.0,14.0,,595.0
328,Soklet - Regal foods and Beverages - 50gm,19.25,5.75,52.0,0.0,,25.5,,478.0
329,Goat Cheese - Flanders Dairy Products - 500g,15.0,15.0,3.5,0.0,0.0,14.0,0.0,205.0
330,Paneer - Ananda - 200g,17.25,16.0,1.25,2.5,0.0,0.0,18.5,309.0
331,Harvest Gold 100 Whole Wheat Bread - 450g,1.19,0.42,51.0,3.6,6.4,9.3,1.2,251.0
332,Bagrry’s White Oats - 1kg,3.0,0.5,1.4,1.0,23.1,0.0,3.6,139.0
333,Mother Dairy Ultimate Dahi - 400g,4.5,4.5,5.0,0.0,0.0,3.7,0.0,75.0
334,Amul Gold - 1 litre,4.5,2.8,4.8,0.0,0.0,3.0,0.0,75.0
335,Diet Coke Mobile Pack - Coca-Cola - 500ml,0.0,0.0,0.0,0.0,0.0,0.0,0.0,0.0
336,Juice,,,,,,,0.0,
337,Jalapeno Slices - Tify - 190g,0.02,0.0,1.16,,,0.21,,5.0
338,Vikas Saxena - Oyes - 25g,6.5,,76.8,19.6,,9.3,,400.0
339,milk - smartpaper - 1letter,,,,,,,0.0,
340,Naturamore - Naturamore nutraceutical - 350gm,2.38,0.1,50.0,,,40.0,0.3,357.0
341,die,,,,,,,0.0,
342,Ghiotti Fusilli - Ghotti - 500g,1.2,0.2,59.2,0.9,2.2,10.0,0.05,292.0
343,wafer cream rolls - tasty treat - 250g,14.0,12.0,70.0,43.0,,4.0,,422.0
344,Complan royale chocolate flavour - 500,,,,,,,,419.0
345,Amla Candy - Markfed Sohna - 500 g,0.06,,84.96,64.74,,0.27,,341.0
346,turmeric powder - Ramdev - 500 g,3.89,3.49,72.6,0.0,19.82,6.89,0.212,352.0
347,Maggi pazzta masala penne - Nestle - 65 g,2.4,1.2,68.3,5.2,4.3,11.6,3.115,82.0
348,Amul Belgian chocolate - 125g,21.7,53.8,41.2,,7.9,,0.0,
349,Greek yogurt wild raspberry,1.8,1.3,17.0,3.6,,6.7,0.44,110.0
350,tomato ketchup - 1kg,1.0,0.0,78.0,70.0,,0.0,1.0,10.0
351,5 star - Cadbury - 5rs,,,,,,,0.0,
352,Amberella chutney - mc curtie - 450 g,0.1,15.2,12.0,0.5,0.4,0.127,,
353,parle,,,,,,,0.0,
354,Del Monte - 250 g,0.13,0.0,82.9,73.7,7.5,0.38,0.012,338.0
355,Maggi Special Masala - 70 g,14.4,6.3,60.3,2.3,2.3,9.6,2.723,409.0
356,McVitie's Digestive,21.2,10.7,67.1,16.1,,7.3,0.0,489.0
357,patanjali Dant Kanti,,,,,,,0.0,
358,Lays Cream and Onion Patato Chips - Lay's - 45 gms,34.0,13.5,51.6,7.8,,,1.885,544.0
359,Modern Brown Bread - 300g,,,,,,,0.0,
360,Cadbury Choco Creme Oreo - 300 g,19.7,9.8,0.2,70.3,37.8,,5.5,480.0
361,Britannia Multi Grain Bread - 400 g,4.0,0.5,1.5,2.0,,47.0,1.5,260.0
362,6 g,0.2,,82.0,64.0,,2.5,,340.0
363,Tata Salt - 100g,0.0,0.0,0.0,0.0,0.0,0.0,98.298,0.0
364,food oil - freedom - 5000 ml,,,,,,,0.0,
365,Garlic 100 Veggie Chips - SnackWise - text,0.0,3.33,0.0,0.0,13.3,16.7,0.296,400.0
366,Handmade Chocolate Orange Honeycomb - Aldi - 250g,12.0,7.3,81.0,64.0,0.7,2.6,0.53,447.0
367,Dr. Oetker Funfoods -,,,,,,,2400000000000.0,
368,8.90E+12,2.0,1.0,1.0,1.0,,1.0,1.0,2.0
369,Garlic & Herbs Buttery Spread - Amul - 100g,77.3,0.0,0.0,0.0,0.0,0.5,0.0,697.0
370,Idiyappam - Adyar Annapoorna - 5,1.4,0.0,82.3,0.0,0.5,6.7,0.0,369.0
371,Haldiram's Lite Chiwda - 57 g,31.63,10.64,56.34,2.16,3.86,8.02,1.775,542.0
372,mini soya chunks(BARI) - 50gm,0.0,33.0,,13.0,52.0,,,
373,real litchi,,,,,,,1170000000000.0,
374,Tetley green tea ginger mint,,,,,,,0.0,
375,whole wheat bread - nutribee - 300g,,,,,,,0.0,
376,Aloo bhujia - Haldiram - 200 gm,38.12,16.5,46.1,0.25,0.83,8.68,1.562,562.0
377,Bagrry's - 500g,6.0,,,5.0,10.7,9.67,,403.0
378,cheese balls - time out - 55g,,89.1,46.32,,3.56,0.131,0.0,
379,Masala Oats - Peppy Tomato - Saffola - 39g,8.21,1.54,71.3,7.18,12.6,10.8,,402.0
380,Soya Chips - Haldiram's - 25 g,35.11,19.1,42.05,3.76,0.88,14.36,1.585,542.0
381,O'Choco - PARLITE FOODS,16.2,0.0,74.5,0.0,,6.5,0.0,470.0
382,Queso - picon,23.0,15.5,6.0,6.0,,10.0,0.65,268.0
383,Caramel - Hershey's - 623 g,0.17,0.1,70.2,55.3,,2.1,0.39,291.0
384,Patanjali Mango Drink - 500ml,0.0,0.0,15.1,,,0.65,0.005,63.0
385,Lune De Miel Honey100,,,0.0,0.0,,0.0,,0.0
386,"Ranch - Hidden Valley - 1,1.18L",,,,,,,0.0,
387,Nestle Nan,,,,,,0.0,,
388,Ghee - Nambisan's - 200 ml,908.0,570.0,,,,,0.0,1950.0
389,Hide And Seek - Parle - 33g,0.4,,103.0,,,5.9,,479.0
390,Hot Chocolate - Cadbury - 200g,,,,,,,0.0,
391,Garlic Paste - Mothers Recipie,,,,,,,0.0,
392,Puffcorn,34.5,16.0,56.2,1.0,,6.0,2.23,555.0
393,Eggee - Natural Farms - 5 pcs,10.7,,0.7,,,13.35,,152.0
394,Qamar Dates - 5KG,0.0,0.0,0.0,29.0,3.0,1.0,0.0,120.0
395,Ritter Sport Mini Mix 18er Beutel,34.0,18.0,53.0,50.0,,6.9,0.21,549.0
396,saffola masala oats - 39g,9.5,2.3,68.2,6.0,9.5,10.0,6.096,399.0
397,Marie biscuits - Bisk Farm - 300gram,13.01,6.2,4.74,2.06,0.0,,67.25,413.0
398,Dry Cake - Pran - 350 g,21.0,1.0,0.0,,60.0,25.0,0.4,420.0
399,Bestprice Udon - Topvalu - 71g,6.2,,1.8,,,50.8,,240.0
400,White peach mochi - K. Minamoto - 20g,,,,,,,0.0,
401,Maggi Atta noodle - Masala - 4 pack - 300g,14.6,7.4,60.6,2.8,6.0,12.0,1.1,422.0
402,Patanjali cream feast ( milk vanilla ) - 84 g,12.0,69.0,34.0,3.6,5.0,,0.0,
403,Ice cream stick (kulfi of pista malai flavour) - Amul - 1,27.7,13.5,0.0,29.5,22.5,,4.7,385.0
404,Tasti Smooshed Wholefood Balls - Berry Cashew & Cacao - 69g,12.2,4.5,62.4,48.4,8.5,7.0,0.022,390.0
405,OMG! Oh My Ganna Cumin Crush - Nutricane - 250 ml,0.0,0.0,9.14,9.14,,0.0,,48.0
406,Mcvities Butter Cookie 68 GR. - 68 g,18.2,8.0,6.2,1.8,68.9,24.9,,469.0
407,Roasted Dalia - Tip Top - 500 g,0.0,,78.0,,,10.0,,352.0
408,Heeng ki tikiya - Dilbahar - 100g,,,,,,,0.0,
409,Seedless Dates - Lion - 200 g,0.23,0.0,77.61,69.21,6.64,2.51,0.0,312.0
410,Poha Mota - Rajdhani - 500g,1.0,0.0,88.0,0.0,3.0,,0.03,390.0
411,Pizza topping - Dr. Oetker - 100g,9.9,2.3,23.0,21.3,,4.4,,198.0
412,Potato Cheese Shotz - Mc Cain - 400 g,11.3,6.97,0.0,24.26,4.65,0.0,8.09,231.0
413,Mini Cookie Cake - Pillsbury - 66 g,15.3,7.4,67.0,,,4.2,1.09,420.0
414,Lite Mixture - Haldiram's - 42g,28.0,15.0,50.0,2.0,,13.0,,504.0
415,Whoopies - Haldiram's - 45g,29.0,17.0,0.1,59.0,5.0,,4.0,513.0
416,Cavins butterscotch milkshake - Cavin’s - 180ml,4.0,,15.0,10.6,,3.2,,109.0
417,Dream LITE - Anmol - 200g,24.0,11.5,64.0,8.0,,7.7,,502.0
418,Mountain Dew - 1,0.0,0.0,12.3,12.3,0.0,0.0,0.041,49.0
419,Tandoori Chicken Masala - Everest,2.0,1.0,40.0,,,9.0,,214.0
420,Mixed Fruit - Minute Maid - 250 ml,0.0,,14.0,12.0,,0.0,,56.0
421,Mad Angles Chaat Masti - Bingo - 90 g,30.8,14.2,0.1,58.8,5.3,,7.3,130.0
422,Mad Angles Tomato Madness - Bingo - 90 g,31.9,14.5,0.1,55.4,5.3,,8.0,129.0
423,Bounce Choco Twist - Sunfeast - 82 g,15.9,7.8,0.1,74.3,36.9,,6.8,467.0
424,Manchow instant soup - Ching's - 15g,0.0,,10.8,,,0.6,2.977,47.0
425,Doritos Sweet Chilli Flavour - PepsiCo - 39 g,23.9,11.1,0.0,65.2,5.5,,6.3,501.0
426,West Indies' Hot 'n' Sweet Chilli - Frito-lay - 52g,33.0,13.0,0.1,54.7,6.0,,7.0,544.0
427,Bikaneri Bhujia - Kurkure - 18g,49.5,11.7,33.5,1.0,,11.8,2.596,627.0
428,Kesar Rasbari Barfi - Bikano - 1 kg,0.7,0.4,0.0,,46.4,46.4,,199.0
429,Perk - Cadbury - 14.3 g,25.8,23.4,0.2,67.6,45.9,1.8,3.6,517.0
430,Gulab Jamun - Gits - 100g,13.6,8.0,57.0,18.2,,17.0,0.0,420.0
431,Saffola Masala Oats - Classic Masala - 38 g,5.5,1.2,72.6,7.7,12.0,11.0,,383.0
432,Good Day Cashew Cookies Medium Pack - Britannia - 600 g,24.0,11.0,10.2,2.7,0.0,,65.0,504.0
433,Good Day Cashew Cookies - Britannia - 200 g,24.0,11.0,10.0,3.0,0.0,,65.0,504.0
434,GoodDay Choco Chip - Britannia - 100 g,21.0,7.5,9.7,3.7,0.0,,71.0,493.0
435,Sandwich Chocolate and Vanilla - Kwality Wall's - 57 g,7.89,3.51,0.018,48.1,24.0,0.877,5.44,282.0
436,bru coffee - 100,0.0,0.5,0.0,0.0,0.2,0.0,,
437,Cassatta - Kwality Wall's - 70 g,11.1,4.86,0.0,27.6,16.1,2.29,5.57,239.0
438,Chorizo Barbecue - Noel - 300 g,43.0,16.0,2.7,1.4,0.0,20.0,2.8,478.0
439,Caulier Tripel 33 CL Fles -,0.5,0.1,0.5,0.02,,0.01,0.01,1.0
440,Fromage d'Abbaye Belge -  - 150 g,25.0,15.0,0.5,0.0,,24.0,1.7,323.0
441,Hemp beer - Cannabia - 33 cl,,,,,,,,
442,Achards de légumes - Royal Bourbon - 200 g,9.4,1.0,17.62,1.65,,4.48,0.5,173.0
443,Roger Vidal,40.0,15.0,1.4,0.5,,13.0,1.8,416.0
444,Knacks x10 350g prix choc - Auchan - 350 g,25.0,10.0,0.9,0.9,0.5,12.0,1.8,275.0
445,saunf,,,,,,,0.0,
446,super muesli no added sugar - yogabar - 700g,21.6,4.0,54.9,1.8,15.1,17.4,0.15,425.0
447,cod liver oil capsules - sanofu - 110,,,,,,,0.0,
448,Good day cookies,7.4,10.6,68.0,21.4,,7.4,,507.0
449,Roasted Peanuts plain,57.9,0.0,12.2,0.0,,25.8,0.0,673.0
450,SUHANA MISAL MASALA,,,,,,,12500000000000.0,
451,Cow Ghee - Soul Flavor (Modicare) - 1 Kg,,0.0,0.0,,0.0,,0.0,
452,Coconut Oil - Fruit of the Earth - 500gm,,,,,,,0.0,
453,Biscute - good,,,,,,,0.0,
454,8.91E+12,,,,,,,0.0,
455,Ching's - 15g,1.0,0.0,72.0,16.0,,8.67,,331.0
456,Bournvita biscuit - Cadbury,15.3,6.8,73.6,30.0,,7.3,0.902,457.0
457,Mayi - 200,646.0,0.495,91.0,64.0,64.0,65.0,31.0,50.0
458,Dijon Mustard - Delouis Fils - 200g,16.0,1.0,2.0,2.0,,8.0,6.1,198.0
459,CORIANDER POWDER KitchenFeast - KitchenFeast The Superb Taste - 100g,,,,,,,0.0,
460,Dabur,,,,,,,37000000000000.0,
461,Amul,12.8,6.9,29.3,23.2,0.0,4.0,0.0,248.0
462,parachute coco oil - 50 cl,,,,,,,0.0,
463,parachute - coconut oil - 100ml,100.0,91.0,0.0,0.0,0.0,0.0,0.0,900.0
464,Real Mixed fruit juice,0.0,0.0,13.4,6.0,,0.2,0.0,53.0
465,Glucon-D - 1kg,,90.0,0.0,,0.0,,,
466,Torti surimi - Menu Fraîcheur,11.0,0.7,17.0,1.5,,4.2,0.93,186.0
467,Filet de panga surgelé - 1 kg,,,,,,,,0.0
468,Verka toned homogenized milk - 1 l,3.0,1.9,2.9,1.9,3.9,,4.8,58.0
469,Masala Cuppa Noodles - nestle - 70g,19.2,11.2,59.2,3.2,3.3,8.3,3.39,443.0
470,chilli powder - Ramdev - 500 g,19.33,2.86,51.14,6.89,31.07,14.12,1.002,435.0
471,Little hearts - Britannia,24.5,9.0,70.0,20.0,,7.0,0.0,488.0
472,multi millet chikki,,,,,,,0.0,
473,Mineral Water -,,,,,,0.004,0.0,
474,Rio Mango Alfonso flavour,0.0,0.0,14.7,14.7,,0.07,0.0,59.0
475,Bounty minis - Mars nederland - 427.5g,7.4,5.9,,14.1,,,0.07,140.0
476,Maaza -,6.0,0.0,13.5,13.0,,0.0,1.0,54.0
477,Knorr Manchow veg - 12 g,3.33,1.67,71.7,20.8,3.33,5.0,,333.0
478,manchurian rings - lite-n-fit - 80g,26.0,6.0,0.0,,60.0,2.0,3.0,498.0
479,Caillé de brebis,6.8,4.7,4.4,4.4,,5.4,0.2,101.0
480,Cinnamon Toast Crunch Cereal - General Mills,9.68,1.61,4.84,3.23,0.0,,80.65,419.0
481,Dairy milk,28.9,17.5,60.4,57.3,,8.1,0.156,534.0
482,Kissan Fresh Tomato Ketchup - 950gm,,,,,,,28000000000000.0,
483,Protinex Original - 250 g,,,,,,,0.0,
484,Frutti di Bosco Confettura extra 50 - Menz&Gasser,0.3,0.0,58.0,50.0,,0.5,0.1,242.0
485,poprings - balaji - 30g,22.8,,64.9,3.1,,6.6,,491.0
486,Haldiram's Moong Dal - haldirams - 18,20.93,,50.66,0.0,7.52,21.31,990.6,476.0
487,Chocos Moons & Stars - Kellogg's - 28.6g,3.0,1.3,83.9,30.0,3.5,8.6,0.4,390.0
488,Red bull energy drink - 350ml,2.0,4.0,11.0,10.0,3.0,2.0,5.0,7.0
489,maaza - Hisdustan Unilever Limited - 600 ml,13.5,0.0,13.0,10.0,,0.0,0.0,54.0
490,Hide & Seek Cashew Butter - Parle - 150g,24.0,,,66.6,21.0,,6.8,510.0
491,Dabur Chyawanprash - 575g,14.3,12.3,55.0,33.3,0.0,5.0,0.0,500.0
492,Honey - Dabur - 250g,0.0,0.0,80.0,80.0,0.0,0.0,0.043,320.0
493,Mélange de bonbons - Boni - 600 g,0.2,0.2,73.4,51.8,,5.8,0.05,319.0
494,Pura keto -,5.0,3.0,2.0,0.0,,9.0,,106.0
495,Peanut butter - Muscle blaze Bgreen,45.5,,12.0,,,38.0,,618.0
496,100 Moong and Edmame spaghetti - pink harvest farms - 200g,2.95,0.5,18.0,3.54,10.0,21.2,0.005,185.0
497,Natura RAMSONS -  - 100ml,,,,,,,0.0,
498,Unpolished Pulses (Mix Pulses) - Patanjali Ayurved Ltd. - 500g,,60.82,0.0,9.83,23.22,0.0,0.0,
499,FAREX - 1,,,,,,,0.0,
500,Dairy Milk Silk minis,31.1,19.0,58.5,55.5,,7.8,0.151,543.0
501,Hangyo Belgian Choclate Icecream,10.7,6.7,31.9,23.1,,4.8,0.0,243.0
502,Paper Boat,0.0,0.0,12.0,5.0,,0.0,0.0,48.0
503,Minute Maid Orange Juice,0.0,0.0,13.6,11.0,,0.0,0.0,54.0
504,Tropicana Apple Juice,0.0,0.0,11.5,0.0,,0.2,,47.0
505,Santra,0.0,0.0,13.4,8.74,,0.0,0.0,53.0
506,Misso,50.0,1.0,20.0,4.0,,2.0,0.0,100.0
507,Assam tea - strong & refreshing,,,,,,,,332.0
508,asparagus - annai aravindh - 50g,,,,,,,0.0,
509,Cold pressed Coconut oil - Soul flavours - 1 Litre,,,,,,,0.0,
510,mixed fruit granola - Fit and Flex - 25 g,,,,,,,13400000000000.0,
511,fresh,,,,,,,0.0,
512,aachi,,,,,,,0.0,
513,Tomato Ketchup - Maggi - 22,0.0,0.0,33.5,30.8,,1.2,2.565,139.0
514,Dried Cranberries - Healthfull - 200g,0.69,,82.33,71.42,,0.75,,338.0
515,Maggie Pazzta Chese Macaroni - Maggi,3.5,1.7,68.3,2.5,,11.5,1.347,351.0
516,Munch - Nestle - 12.5 g,22.8,21.6,54.4,29.7,2.8,5.7,47.498,438.0
517,epigamia spreads - DRUM Foods - 250 g,46.5,25.0,16.5,,35.0,30.5,,566.0
518,Coconut oil - Simply Nature - 414 ml,100.0,92.857,0.0,0.0,0.0,0.0,0.0,857.0
519,Fanta cocktail de fruits,0.0,0.0,13.0,13.0,,0.0,0.25,53.0
520,PACK 4X50CL LAIT CROISSANCE CANDIA,2.5,0.58,8.0,2.2,,2.6,,65.0
521,Amul - 500 g,70.0,35.0,,1.0,0.0,,0.0,634.0
522,Fun Foods Chocolate Spread Fudge - Dr.Oetker - 350 g,13.4,12.3,55.4,46.5,,5.2,,362.0
523,Quinoa chips,21.0,1.9,63.7,4.0,,6.8,1.9,480.0
524,catch chat masala,,,,,,,0.0,
525,Peanut Butter (beurre de cacahouète),50.3,10.1,20.3,7.7,,25.6,0.0,636.0
526,Britannia Nutrichoice Digestive - britannnia - 250g,10.0,8.5,2.5,68.0,14.5,6.0,8.0,
527,Bourbon - Britannia - 120g,20.0,10.0,7.7,2.2,0.0,72.0,37.5,488.0
528,Vedica - Bisleri - 1L,1.0,1.0,0.0,0.0,,0.0,0.0,0.0
529,KitKat - Nestle - 55g,25.7,23.0,63.8,48.7,2.6,8.0,,518.0
530,Shahi Pradhan Gold Special Mix Tea - 250 gm,0.829,,3.826,,,21.43,,108.0
531,Guava delight - Tropicana,0.0,0.0,14.4,13.5,,0.0,0.0,57.0
532,Chips banane épicées - Kwality market,34.64,,,2.0,6.4,3.6,,403.0
533,Maxirich - cipla - 30ml,,,,,,,0.0,
534,Glucose Biscuits - Sunfeast - 100 g,12.9,6.1,75.0,29.2,,8.3,,449.0
535,elaichi rusk - madhurima - 500g,,,,,,,0.0,
536,refined soya bean oil - fortune - 1 l,,,,,,,0.0,
537,Kingfisher ultra,0.0,,0.0,,,,,
538,Centerfresh Soft Chews,1.21,1.2,92.4,68.0,,0.06,0.0,380.0
539,Kamlesh - SENSODENT-K - 50g,,50.0,,,,,0.0,
540,Malasa Masti - 40 g,20.0,3.0,30.0,2.0,2.0,6.0,1.1,320.0
541,Haldiram's Bhujia - 460 g,40.8,10.4,39.5,3.9,5.0,20.0,,581.0
542,Pepsi - The Coca-Cola Company - 750ml,,,,,,,,43.0
543,Lotte Choco Pie,17.143,12.143,67.857,33.929,,3.929,0.536,439.0
544,Kissan Mix Fruit Jam - Kisaan - 500 g,0.0,0.0,71.0,65.0,0.0,0.5,0.0,285.0
545,11131861,,,,,,,0.0,
546,Roasted Crushed Peanuts - Haldiram's,25.5,6.0,55.0,10.5,,12.5,2.43,499.0
547,Moments - Ferrero Rocher,29.6,11.8,55.5,29.6,,7.8,0.0,520.0
548,Cornflour - Brown & polson - 100g,,0.0,91.3,0.0,0.9,0.3,0.023,
549,Sugar - Madhur - 5kg,,0.0,,99.4,,,0.0,
550,Khatta Meetha - Bikano - 1kg,,0.1,49.2,14.0,0.0,8.6,1.272,
551,Rusk Real Premium Elaichi - Parle - 400g,,55.3,25.1,,7.6,,0.0,
552,St. D'vence moisturizer winter edition - 300ml,,,,,,,0.0,
553,Sandwich bread - 100g,0.2,54.86,,,,,0.0,
554,Milder Rahmjoghurt Haselnuss,11.2,5.6,13.9,13.4,,3.1,,170.0
555,Golden corn,3.1,0.5,66.87,0.4,,16.1,0.0,359.0
556,Kellogg's Chocos - 12,2.9,1.2,83.6,30.0,5.0,9.0,0.825,387.0
557,a+ slim - Nestle - 1 l,0.2,,5.0,5.0,0.0,3.0,0.125,8.0
558,Cheese slices - Amul - 200g,,1.0,1.4,,,20.0,,
559,Marie light - 200g,5.8,76.6,,,8.5,,0.0,
560,Dairy milk milk chocolate - Mondelez,28.9,17.5,60.4,57.3,,8.1,0.156,534.0
561,Chilly Chow Cuppa Noodles - nestle - 70 g,18.571,11.0,57.143,2.857,2.7,8.571,3.321,428.0
562,act2 popcorn -,28.9,11.6,56.0,0.3,,9.0,0.0,521.0
563,Frooti Mango Drink - Parle Agro - 150ml,0.0,0.0,16.2,15.7,,0.0,0.0,65.0
564,Butter Cookies - Sapphire - 400 g,7.0,4.5,0.0,20.0,9.0,,2.0,100.0
565,bournvita - cadbury - 25,,,,,,,0.0,
566,Chocolate Flavoured Syrup - Hershey's - 623 g,0.56,0.5,66.6,63.6,0.0,1.27,0.0,276.0
567,Riz basmati - Alishaan Superba,0.5,0.1,78.0,,1.5,8.0,,349.0
568,Lait de soja non sucré,1.85,0.3,1.35,0.25,0.3,4.2,,38.0
569,Patal Poha Chivda (Indian snack) - Chitale - 200 g,15.4,7.2,0.007,0.001,0.0,66.9,5.2,437.0
570,Oats Original Unsweetened,1.05,0.15,7.25,4.2,0.65,1.15,0.111,43.0
571,Enerzal - 500g,,,,,,,,86.0
572,Corn Flakes - Kellogg's - 1.2 KG,,,,,,,0.0,
573,Nature power papaya soap - 125g,,,,,,,0.0,
574,Magix - Parle - 40.86 g,17.6,,,72.6,25.8,,7.0,477.0
575,formula 1 - Herbalife - 500g,,40.0,17.0,12.0,36.0,,0.0,
576,Vitamin D3 - Holland And Barrett - 100,,,,,,,0.0,
577,Hing (Asafoetida) - Catch - 50g,,71.58,2.2,,8.02,,0.0,
578,Bhujia - Haldiram - 400,40.0,11.429,42.857,2.857,4.3,11.429,2.0,571.0
579,Creme 4 Fun - Dukes - 150g,,74.8,30.6,,6.6,,0.0,
580,Cassonade Saint Louis,0.0,0.0,99.0,99.0,,0.0,0.0,396.0
581,50-50 sweet and salt - Britannia,,,,,,,0.0,
582,Fruitilicious Fruit Blast Mixed Fruit Jam - Apis - 450 g,0.05,0.0,73.0,71.63,0.71,0.32,0.058,293.0
583,Fruit salt lemon flavor - Eno - 5g,,,,,,,0.0,
584,FUNFOODS PEANUT BUTTER - Dr. Oetker,51.0,10.4,19.3,7.5,,26.3,0.0,641.0
585,Kellogg's Oats - 1 kg,9.0,1.7,67.8,0.0,10.0,11.6,7.0,379.0
586,Tropicana - 200ml,0.0,0.0,12.3,12.0,0.0,0.0,0.0,49.0
587,Nutella Cocoa Spread 290GM - Ferrero - 290 g,30.9,10.6,57.5,56.3,,6.3,0.0,533.0
588,Bolacha Manteiga Belgas - Chabrior,17.6,11.3,72.2,32.1,0.0,7.1,0.6,478.0
589,Excel - Polar Ice - 12,0.0,0.0,71.429,71.429,,0.0,0.0,178.0
590,veeba white pasta dressing - 285g,21.63,3.64,,11.96,4.85,,2.92,254.0
591,Appy - Parle Agro,0.0,0.0,15.8,15.8,0.0,0.0,0.042,63.0
592,Coca Cola,0.0,0.0,11.0,11.0,0.0,0.0,,44.0
593,Taka-tak - Haldiram's,34.06,14.44,55.2,1.5,0.0,5.99,1.369,551.0
594,Classic chips - Lay's,6.25,0.938,9.375,0.625,0.625,1.25,0.266,100.0
595,chocolate cranberry museli - yoga bar - 700g,,67.0,6.75,9.5,12.3,,,
596,7.18E+11,,,,,,,33330000000000.0,
597,Chickpeas Tyson - Katoomba,2.0,,51.0,8.0,,22.0,,345.0
598,Soya rich - 45ग्राम,,,,,,,0.0,
599,wheat khari - new poona bakery - 1,,,,,,,0.0,
600,Noodles,0.52,0.27,79.81,1.48,,11.92,0.0,371.0
601,Tavuk Salam -,20.0,7.0,4.0,0.2,,11.0,2.5,240.0
602,pediasure - 400gm,,0.06,77.5,12.0,0.0,11.0,0.686,
603,"Sunfeast Nice, 75 g",,,,,,,0.0,
604,drinking water - clear - 1l,,0.0,0.0,0.0,0.0,0.0,0.0,
605,8.90E+12,,,,,,,0.0,
606,Bavaria mango passion,0.0,,,,,,,
607,Taj Mahal tea leaves - Brooke Bond - 500 g,,,,,,,,
608,Sea salted whole cashews,46.429,8.929,28.571,7.143,,17.857,1.518,571.0
609,Haldirams Alu Bhujia - Haldiram's - 175 g,38.12,16.5,0.25,0.25,,8.68,6.15,562.0
610,Maaza - Coca-Cola,0.0,0.0,15.0,13.0,,0.0,,60.0
611,Chips - Pringles,7.0,3.5,62.8,0.4,,5.0,1.172,523.0
612,tarij - Pepsico,,,,,,,0.0,
613,Pringles Desi Masala Tadka Flavour - 107 g,28.3,12.6,0.3,61.2,1.5,,4.7,518.0
614,kurkure -,,,,,,,0.0,
615,The Real Vitamin - BIG MUSCLES NUTRITION - 30 caps,,,,,,,,
616,chocobar flavoured ice cream - Arun - 38g/58 ml,,0.171,34.2,34.2,0.0,5.26,,
617,"boondi from haldirams
haldirams boondi - Haldiram's",,,,,,,0.0,
618,Maida - Ganesh - 1 kg,,73.9,,,11.8,0.008,,
619,Yoga Bar Steel Cut Oats,7.4,1.3,65.1,0.0,,17.8,0.0,398.0
620,Roasted pumpkin kernels - Tong Garden - 200 g,,10.0,3.33,3.33,36.7,0.593,,
621,Patanjali Honey - 1kg,0.0,0.0,80.0,80.0,0.0,0.0,0.05,320.0
622,Hing Asafoetida - Catch - 100g,,71.58,2.2,,8.02,,0.0,
623,dairy milk silk - Cadbury - 250g.,,,,,,,0.0,
624,1 pound,,,,,,,6250000000000.0,
625,Hide and seek -bourbon,16.667,6.667,73.333,40.0,,6.667,0.25,466.0
626,Ching's Secret Manchurian noodles,3.0,1.5,15.3,0.0,,2.8,1.0,100.0
627,Special K original - Kellogg's - 900 g,1.0,0.3,85.3,25.0,,8.3,0.42,360.0
628,Soya Granules - Nutrela - 220 g,0.5,0.0,33.0,0.0,,52.0,0.0,345.0
629,Limca - Coca Cola - 2L,0.0,0.0,11.0,11.0,0.0,0.0,0.0,44.0
630,Lay’s Chile Limon - 55 g,34.615,15.385,50.0,3.846,,7.692,1.856,542.0
631,Cake,18.4,7.9,57.0,51.9,3.0,6.5,12.0,420.0
632,potazos - Britannia,,,,,,,0.0,
633,yoga bar 20g protein hazelnut,23.0,4.43,,34.6,23.7,13.0,29.7,464.0
634,Mango 100 juice,0.0,0.0,11.0,0.0,,0.0,0.0,44.0
635,Rose Lassi - Cavin's - 180 ml,2.06,1.39,0.056,,18.1,17.3,,99.0
636,KitKat,19.8,17.6,60.9,39.5,27.0,7.8,0.289,453.0
637,Apple Juice - Tropicana,0.0,0.0,22.9,0.0,,0.4,,94.0
638,Cashew Mandel Mix - chili - Snack Fun,51.5,6.7,21.0,5.1,,22.8,0.68,639.0
639,ON Gold Standard 100 Whey Protein - Optimum Nutrition - 2.27 kg,,12.0,9.0,,73.0,1.539,0.0,
640,Greek yogurt,2.4,1.5,8.8,5.6,,7.0,0.104,85.0
641,Gangotri Khakra Plain - 200 g,,57.5,0.5,7.2,13.8,0.86,0.0,
642,كرك - Herbal rea,2.1,,8.6,6.0,0.7,2.6,,63.0
643,Karak tea,13.333,,,,,,,42.0
644,Peanut Butter Creamy,53.333,0.0,13.333,0.0,,33.333,0.0,640.0
645,asitis - 500g,,0.0,0.0,0.0,27.0,0.0,,
646,Aachi lime pikle - 10 pieces,,,,,,,100000000000000.0,
647,Farali mixture - Badalia Foods - 25g,,46.0,4.0,4.0,7.0,4.0,,
648,Nouille masala - Nestle,15.7,6.8,63.5,1.2,,8.0,2.931,427.0
649,Monaco,21.0,9.9,68.4,7.8,,7.8,,494.0
650,Schezwan Chutney,6.667,2.0,18.667,3.333,,2.0,4.93,143.0
651,BRITANNIA - GOOD DAY - 38g,22.0,11.0,67.0,22.0,,7.0,,494.0
652,Allo Matar,8.0,0.8,11.0,0.3,,2.0,0.8,130.0
653,Khajoor Fard {date Crown} 500 GM - 500g,0.45,0.45,80.0,80.0,,3.0,0.1,364.0
654,Hard Candy - Coastal Bay confections - 85g,0.0,0.0,94.118,0.0,0.0,0.0,0.0,205.0
655,Amul Masti Buttermilk - 200,3.0,1.9,0.1,3.6,3.6,,3.0,57.0
656,Rava idli - MTR - 500 gm,8.0,3.0,63.0,1.5,,1.5,9.0,365.0
657,Exotic dark - Hershey's,13.7,8.0,80.5,64.7,,1.74,0.152,453.0
658,Munch - Nestlé,22.1,21.8,54.4,34.0,,6.3,,442.0
659,Thumbs up - Coca-Cola,0.0,0.0,9.7,0.0,0.0,0.0,,39.0
660,tomato discs - 60g,26.3,12.0,59.2,6.2,0.0,8.0,,505.0
661,CornFlakes Almond Honey - Kellogg's,8.7,4.0,81.9,30.0,1.8,6.2,1.075,80.0
662,Manna Oats - Steel Cut,10.0,2.0,67.0,2.0,14.0,11.0,,402.0
663,Organic almond,2.0,0.23,1.5,0.1,,1.05,,28.0
664,Orange Delight - Tropicana,0.0,0.0,12.4,12.0,0.0,0.1,,50.0
665,Maggi,13.5,8.2,59.6,1.8,2.0,8.2,,389.0
666,Hershy's Kisses cookies 'n' creme - Hershey's,30.0,17.7,57.3,51.7,,8.8,0.348,534.0
667,Coconut Milk Powder - Maggi,63.4,55.3,10.0,6.0,0.7,8.0,,704.0
668,Rich Tomato Ketchup - Maggi,0.0,0.0,33.5,30.8,1.8,1.2,,139.0
669,2 minute noodle - Maggi,13.5,8.2,59.6,1.8,2.0,0.0,2.571,389.0
670,Oreo -,19.6,9.7,71.9,38.8,0.0,5.2,1.05,483.0
671,Kissan peanut butter - 350g,49.3,9.33,20.7,10.7,8.67,25.7,0.672,627.0
672,Pepper Thattai - Adyar Ananda Bhavan - 250g,46.7,10.0,40.0,0.0,3.33,10.0,1.58,0.0
673,Rolled oats,6.7,1.8,62.5,0.87,9.6,13.1,,363.0
674,Minute maid - 1,13.0,11.5,0.0,0.0,0.0,0.0,0.0,52.0
675,coca powder - Fruitoman's - 50 g,13.56,7.14,54.86,1.16,25.85,21.93,0.066,429.0
676,Rolled Oats - True Elements - 40g,6.7,1.8,62.5,0.87,9.67,13.1,0.008,363.0
677,Doodh Biscuits,17.8,9.0,68.8,20.4,6.0,7.4,0.0,465.0
678,S Sunil medical khargon - 3,,,,,,,0.0,
679,Chupa chups butes,1.9,1.8,83.0,59.0,,2.8,,364.0
680,Sprite - coca cola - 750 ml,,,,,,,0.0,
681,Bourbon - Britannia - 60g,20.0,10.0,72.0,37.5,,5.0,0.0,488.0
682,Perrier Citron,0.0,0.0,0.0,0.0,,0.0,0.96,0.0
683,Chocolate Peanut Butter - Real Health - 350 g,,,,,,,50000000000000.0,
684,Milkshake vanilla Ice cream flavor - Hershey's,3.2,2.5,29.0,29.0,,3.0,0.258,159.0
685,"Kelloggs Muesli Breakfast Cereal - With Multigrain & 21% Fruit, Nut & Seeds - Kellogg's - 750 g",6.0,0.8,2.8,1.6,0.0,79.0,23.5,392.0
686,Green Chilli -  - 200g+50g,,1.14,12.26,,1.04,1.84,61000000000000.0,
687,Gorus cookies - Haldiram's,27.58,12.18,58.82,26.04,3.11,7.35,0.116,519.0
688,Chatpata Dal - Haldiram's,17.3,5.5,57.3,4.1,18.4,19.5,1.948,462.0
689,peach - Coca-Cola,0.0,0.0,14.1,13.9,,0.0,,56.0
690,Olive oil extra virgin - Bertolli,91.0,13.0,0.0,0.0,,0.0,0.0,821.0
691,Choco mint protein shake,0.29,0.18,9.75,7.48,0.0,9.0,0.6,77.0
692,Yoga Bar,23.714,4.857,33.429,22.857,13.143,29.857,0.968,467.0
693,Charged - Thums Up - 250 ml,0.0,0.0,15.4,15.3,0.0,0.0,34.5,155.0
694,Milkybar - Nestlé - 24.5 g,27.3,25.1,0.05,51.6,39.9,1.0,11.1,497.0
695,Atta Maggi,13.0,7.5,63.3,2.7,4.8,8.0,2.052,393.0
696,snac tac mango jam - 100g,0.4,0.0,71.8,67.3,0.0,0.5,0.401,293.0
697,Lassi Mango - Amul,2.2,1.4,14.5,10.1,0.0,2.2,,86.0
698,Mountain Dew - PepsiCo - 250 ml,0.0,0.0,0.0,12.3,12.3,0.0,0.0,49.0
699,Premium Jaggery pieces - Rasmalai Gold - 800g,0.04,,94.61,,,0.33,,380.0
700,Thoughtful Kabuki Channa - Namdharis - 500gms,5.01,,66.62,2.0,11.11,18.2,,369.0
701,Thoughtful Organic Whole Wheat - Namdharis - 1KG,2.26,,76.0,,12.17,11.9,,372.0
702,Mixed Pickle - Mother's Recipe - 50 g,9.0,2.0,11.0,5.0,,2.0,,133.0
703,Puffcorn - Kurkure - 57 g,4.7,2.1,11.5,0.8,,1.1,0.338,92.0
704,Shami Kabab - Vezlay Food Pvt Ltd. - 500,1.5,1.02,19.1,0.0,4.18,15.27,,36.0
705,Budweiser Beats - AB InBev - 250ml,0.0,0.0,9.0,9.0,,0.0,,39.0
706,desiccated coconut powder - sheer coco - 100g,62.5,58.3,,,8.5,9.6,,687.0
707,Nivea shea smooth body milk,,,,,,,0.0,
708,Schezwan Sauce,2.5,0.0,0.0,0.0,0.0,0.0,0.0,30.0
709,Dried Cranberries - Nutraj - 180g,0.51,0.05,86.47,49.69,,0.99,,354.0
710,Bingo Mad Angles PIZZA..AAAAH - ITC - 36.5g,,,,,,,0.0,
711,Amul Lassi,2.0,1.2,14.0,25.3,,2.0,,87.0
712,Parle-G Original Gluco Biscuits - 800 g,13.0,6.0,77.3,25.5,,6.9,0.752,454.0
713,Cadbury celebrations - chocolates - 135.7g,,64.1,61.2,,5.9,,,
714,full bloom,,,,,,,0.0,
715,Medu avada - Minute khana - 283 g,20.69,1.724,36.207,0.0,5.172,13.793,1.422,379.0
716,asitis - 500g,,1.0,0.0,0.0,27.0,0.0,,
717,Popcorn - 15,39.0,17.0,49.0,0.0,8.0,7.0,,574.0
718,Kelloggs - kellogg's - 240g,6.0,0.75,80.0,16.0,5.0,8.0,0.15,398.0
719,Frooti - parle Agro - 150ml,2.5,1.0,16.2,15.5,,0.0,,65.0
720,"Nouilles instantanées, Super Piquant et épicé - Nongshim",14.0,6.7,67.0,3.7,,8.1,3.2,426.0
721,Saffola Masala Veggie Twist Oats - 38 g,9.9,3.4,,69.2,5.1,12.4,5.0,376.0
722,5star - Cadbury - 25g,15.9,9.0,72.7,60.5,,3.3,0.378,447.0
723,Premium kachi ghani pure mustard oil - Fortune - 1 L,13.6,12.0,66.0,27.0,1.0,0.0,0.0,900.0
724,Cracker - Britannia - 100g,,72.0,0.5,0.0,10.0,,0.0,
725,Badam drink mix - MTR - 500g,4.8,0.4,80.0,76.0,1.1,4.8,0.132,382.0
726,Dairy Milk Silky Bubbly BubbleGum - Cadbury - 120g,31.6,21.1,0.1,,58.9,58.3,,544.0
727,Micronized Creatine Powder - Optimum Nutrition - 250g,0.0,0.0,0.0,0.0,,0.0,0.0,0.0
728,Gatorade,0.0,0.0,6.0,6.0,0.0,0.0,,24.0
729,yippee noodles (ITC) -  - 420g,20.1,10.7,2.6,128.5,0.1,62.6,4.6,459.0
730,Chocolate Milkshake - Cavin's - 1 Liter,5.6,3.6,,17.6,33.0,8.0,3.0,107.0
731,Jamaican All Spice - 1,,62.5,,,49.2,,,
732,Jolochip,30.8,30.8,21.4,0.0,,14.2,,0.0
733,Creamy Dark Chocolate Peanut Butter - Muscle Blaze - 750g,45.42,12.76,,21.85,18.32,3.02,30.0,610.0
734,Puff Dough Paratha - Switz - 400 grams,14.0,0.0,43.0,3.0,10.0,8.0,425.0,330.0
735,Tropicana,0.0,0.0,14.4,13.5,,0.0,,57.0
736,Matcha Green Tea - 50 g,8.6,0.0,60.64,0.0,0.0,23.09,,409.0
737,Ragi with oats biscuits,20.23,0.0,64.31,3.13,6.86,6.13,,463.0
738,Sweet cream vanilla,2.3,1.3,14.1,3.0,2.5,2.3,,65.0
739,Jaw dropping skin,0.0,0.0,100.0,100.0,,0.0,22.5,900.0
740,Badam Shakers,4.5,2.8,13.0,13.0,0.0,3.0,0.105,104.0
741,100 Pipers - Seagram’s,0.0,,0.0,,,,,
742,Sweet Cannoman Peanut Butter,42.53,6.23,30.3,17.89,6.93,22.05,0.112,592.0
743,Masala delight,19.0,9.0,65.7,2.0,2.0,9.0,4.05,469.0
744,Exotic Dark - Hershey’s,34.7,12.5,52.0,36.8,,8.0,0.848,552.0
745,Chupa chups mango + orange flavour,0.0,0.0,95.0,74.0,,0.0,,385.0
746,Green Chilli Pickle - Engine,7.63,,,9.41,,,2.97,118.0
747,Patal pohe chiwda - Kaka Halwai sweets - 250g,,,,,,,0.0,
748,Hi-Nutrition Breakfast Cereal,6.6,0.0,78.2,4.5,5.5,12.3,0.578,421.0
749,Waffy,18.4,8.0,74.6,52.6,,4.0,,480.0
750,Juzt Jelly,0.0,0.0,86.0,74.0,,0.02,0.0,346.0
751,Peanut butter,15.0,3.0,7.0,1.0,3.0,10.0,,194.0
752,20/20,,,,,,,0.0,
753,Sizzlin hot nacho,27.7,11.2,60.4,4.9,,7.4,1.608,520.0
754,Multani rajbhogprash,4.6,0.0,78.7,60.1,3.7,0.0,,357.0
755,rich tomato sauce - Maggi,0.0,0.0,30.2,27.0,1.3,0.6,2.084,121.0
756,Tomato Sauce,0.4,0.02,30.9,29.2,0.6,1.1,1.722,133.0
757,Oven Cookie - Margarita,5.0,1.0,20.0,12.0,,2.0,,130.0
758,Max protein active choco fudge bar,12.5,4.6,33.9,10.7,5.0,20.0,0.465,313.0
759,yavira - Kimaya Himalayan Beverages - 500 ml,,,,,,,0.0,
760,Hangyo Pink Guava Icecream,10.2,6.4,21.7,18.45,,3.6,0.325,193.0
761,Hangyo Roasted Almonds Icecream,11.3,7.1,22.1,18.0,0.0,4.0,,206.0
762,Patanjali Atta noodles Chatpata flavour,18.88,5.15,62.43,5.81,0.0,10.44,3.525,461.0
763,Wai wai masala noodles,21.0,9.5,60.0,1.0,2.0,10.0,,469.0
764,Prem raisins -,,,,,,,0.0,
765,Aloo bhujia -,,,,,,,0.0,
766,Tata Go fit plant protein shake,4.0,1.0,9.6,0.4,,72.0,2.28,372.0
767,Mixed Fruit,0.0,0.0,13.1,13.1,,0.2,,52.0
768,Rajdhani Maida -,,,,,,,0.0,
769,Sharbat Khus - Shree Guruji - 750ml,0.21,,72.92,52.21,,0.1,0.039,275.0
770,Happychef Tandoori Paneer Tikka Pizza - 240 g,9.0,4.5,0.0,,30.0,2.0,1.0,240.0
771,Winkies chocolate swiss roll,15.91,4.21,59.41,28.91,,6.75,0.259,407.0
772,Danish bun,6.4,5.6,57.3,18.0,0.0,8.3,,320.0
773,Ringo Star ring -  - 100g,22.0,9.9,66.5,3.13,,7.0,,492.0
774,Maggi pazzta,1.9,1.5,69.8,6.8,2.0,7.7,1.78,321.0
775,8.46E+12,,,,,,,0.0,
776,Nature's essence almond and honey -  - 400ml,,,,,,,0.0,
777,yippee! - sunfeast - 280g,18.6,9.6,62.5,3.6,0.0,9.6,,488.0
778,Kismis - Parle - 12g,,,,,,,,410.0
779,Myfitness Chocolate peanut butter - 510 g,46.875,9.375,18.75,9.375,6.25,25.0,0.867,615.0
780,Little Heart 75g - 50,,,,,,,0.0,
781,FC cashew - 10,,,,,,,100000000000000.0,
782,Bru instant Coffee,0.0,0.0,1.0,0.0,0.0,0.0,0.0,5.0
783,Hide and Seek chocochip cookies,21.4,9.6,69.5,28.9,,6.3,,496.0
784,Ferrero Rocher,42.7,14.1,44.4,39.9,0.0,8.2,,595.0
785,Kettle corn,2.8,1.0,23.0,12.0,1.0,1.0,0.295,125.0
786,31290143009,,,,,,,0.0,
787,Raspberry lucozade sport,0.0,0.0,6.3,3.5,0.0,1.2,0.12,113.0
788,trail mix - boyo - 200 grams,38.0,5.2,37.0,23.0,10.0,15.0,0.024,0.0
789,dairy milk - cadbury - 12 gram,27.9,18.7,64.2,61.0,0.0,5.6,0.231,572.0
790,delight nuts Omani dates,,,,,,,0.0,
791,amul masti dahi - 1 kg,,,,,,,0.0,
792,Veggie Chicken - Good dot - 250,3.62,,11.8,,,25.92,,183.0
793,X-press Instant Noodles Masala Delight,20.0,7.3,63.0,1.95,,3.0,3.15,468.0
794,Pistachios - Vinod - 250 g,7.0,33.0,10.0,13.0,20.0,1.245,,
795,Walnut Rernels - Vindo - 250 g,64.5,0.0,,11.0,0.0,2.6,15.6,687.0
796,Coconut Dreamz Biscuit,12.7,6.1,76.0,31.5,0.0,6.2,0.37,442.0
797,Mamra giri Almond - Bliss - 250g,55.02,0.0,16.06,0.0,10.65,22.12,0.0,641.0
798,gol kachauri - Haldiram's - 200 g,25.94,8.74,0.0,,52.7,7.84,4.86,490.0
799,Dry fruit mix - Haldiram's - 200 g,30.8,9.04,0.0,44.91,8.05,6.1,17.15,538.0
800,8.90E+12,8.5,,75.3,41.7,,8.5,,411.0
801,Multigrain Dosa - MTR - 500g,5.4,2.97,0.0,72.0,0.0,8.0,13.0,388.0
802,rasgulla - bikaji - 100,,,,,,,,313.0
803,Bikasul - 500 mg,,,,,,,0.0,
804,English oven -  - 400g,88.0,66.0,22.0,77.0,5.0,9.0,8.0,252.0
805,Knorr soupy noodles mast masala,15.8,7.6,63.3,10.3,1.1,10.2,4.775,437.0
806,Kelloggs Crunchy Granola Almonds & Cranberries - 460 g,16.0,5.0,0.0,70.6,28.0,5.0,7.0,444.0
807,Yippe noodles - ITC - 60G,20.1,10.7,62.6,3.0,,9.0,,459.0
808,Good life black salt 200g -,,,,,,,0.0,
809,Marie Light,11.5,5.3,77.6,22.2,3.0,8.3,0.722,441.0
810,Fruit Blast Mixed Fruit Jam,2.0,0.0,65.5,65.3,0.0,2.0,,265.0
811,Amul Chocochips Icecream,13.5,8.4,27.6,24.5,,4.4,0.115,246.0
812,Arabian Premium Dates,0.4,0.0,19.6,15.5,0.0,0.5,,83.0
813,Glucose-D,0.0,0.0,90.0,0.0,,0.0,,360.0
814,Butter cookies,19.5,9.5,68.9,25.0,,7.5,,481.0
815,Breakfast protein bar - Yoga Bar - 50g,14.6,1.8,62.2,15.8,13.8,16.0,0.0,430.0
816,Maaza - 150 mL,0.0,0.0,11.0,10.7,0.0,0.0,0.055,44.0
817,Sofit Soya Drink (Kesar Pista Flavour) - Hershey's India - 1 l,1.6,0.18,0.001,0.03,0.0,0.0,10.8,70.0
818,Snappers,21.8,10.5,65.5,11.0,,7.3,,487.0
819,Doodh Biscuits,17.0,8.3,72.0,24.0,6.0,7.2,,468.0
820,NACHO CHIPS,22.11,3.84,66.26,5.24,3.98,7.43,1.596,493.0
821,Caramilk bars,12.0,6.0,80.0,58.0,0.0,2.0,,436.0
822,Chocos crunch bites - Kellogg's,3.1,1.1,84.9,31.0,30.0,4.0,0.45,390.0
823,Fruit Cake with Raisin & Tutti Frutti - winkies - 130 g,20.06,10.84,0.11,,53.09,32.87,,423.0
824,Slice - PepsiCo Inc. - 1.75 l,0.0,0.0,15.9,15.5,0.0,0.0,0.023,64.0
825,Cold coffee,0.318,0.195,7.064,6.264,0.0,8.182,0.0,63.0
826,Chat Masala - Bitta - 100gm,3.3,1.0,22.2,0.0,2.0,6.0,,30.0
827,Mithi orange candy - 100 g,0.0,0.0,97.1,70.0,,0.0,,385.0
828,אורז בסמוי חום מלא - וילי פוד,0.9,,25.6,,1.6,2.8,,124.0
829,Grape - Real - 1Litre,,,,,,,,60.0
830,3.95E+12,564.0,545.0,,,,,,
831,Protinex,2.1,1.5,54.4,15.0,0.0,34.0,0.75,373.0
832,8.90E+12,21.7,11.1,0.03,68.2,35.6,,6.6,494.0
833,Vanilla ice cream - Dinshaw - 700ml,,,,,,,,198.0
834,Brown Bread - Kwality - 400g,,,,,,,,264.0
835,OATS - Disano - 1 KG,7.38,1.31,65.04,1.0,14.1,17.83,,398.0
836,Ratlami sev - Haldiram's,42.04,16.82,38.76,0.0,,13.42,2.492,587.0
837,Cornflakes - Kellogg's,0.3,0.1,25.7,2.5,0.8,2.4,0.575,112.0
838,Sandwich Bread - Nilgiris - 400g,1.9,,54.98,5.06,2.1,8.4,,270.0
839,Rice bran oil,100.0,24.0,0.0,0.0,0.0,0.0,,900.0
840,8.90E+12,31.0,0.0,,58.0,52.1,0.0,6.0,535.0
841,Hershey's Spreads Cocoa with Almond - 150g,32.7,13.1,0.3,,61.4,59.5,,548.0
842,Intense café flavoured milk,1.6,1.4,10.8,9.4,0.0,3.2,0.23,70.0
843,Mad angles mmmmm masala,32.1,14.8,57.7,3.4,,6.6,1.925,546.0
844,Chowpati bhelpuri,16.0,13.0,45.0,4.0,8.0,13.0,0.992,564.0
845,Dried Dates - Dmart Premia Superior Quality - 500g,,,,,,,,366.0
846,Swiss Beauty Makeup Primer - 30 ml,,,,,,,0.0,
847,Chocolate family pack - Amul,12.2,,24.4,,,4.4,,222.0
848,Googly,23.94,13.65,68.33,21.49,,6.23,0.335,460.0
849,Poha - Lazmi - 1kg,0.22,79.38,7.12,3.85,0.0,5.6,,
850,Tropicana,0.0,0.0,12.4,12.0,0.0,0.1,0.0,50.0
851,Fanta - coca cola company,,,,,,,,56.0
852,8.90E+12,19.1,11.5,72.6,28.8,,6.0,,487.0
853,Classic Dahi - Mother Diary,3.0,2.1,5.0,5.0,0.0,3.7,0.1,62.0
854,Roasted Flax Seeds - Himalayan Natives - 150 g,40.6,4.89,29.35,0.0,25.22,21.55,0.2,569.0
855,Topp Up,3.0,1.9,25.8,15.4,60.0,6.5,0.25,172.0
856,Parle G biscuits,14.6,6.8,75.9,27.7,,6.7,0.702,462.0
857,Orbit Sepermint Flavour,1.5,1.2,70.0,0.0,0.0,0.0,,185.0
858,Peanut Butter - My Fitness - 1.25 Kg,50.0,10.0,19.0,10.0,,26.0,0.875,625.0
859,Butter Bonn Biscuits,19.4,9.46,74.3,26.5,0.9,7.2,0.87,503.0
860,creamy corn,6.7,4.1,71.4,11.4,,10.3,,382.0
861,Dry Fruits,0.5,0.0,15.0,9.0,3.0,1.1,,61.0
862,Doritos,7.0,1.0,18.0,0.0,1.0,2.0,0.7,150.0
863,Stack Up - Simply Salted - Balaji Wafer - 60g,31.1,15.4,58.7,0.5,0.0,4.8,2.125,541.0
864,Special Toned Milk - nandini - 200ml,,,,,,,0.0,
865,Pepsi,0.0,0.0,10.9,10.9,,0.0,,43.0
866,Instant noodles - Maggi,13.5,8.2,59.6,1.8,,8.0,4.6,389.0
867,Choco Fill'O' - Gone Mad - 24 g,18.0,9.0,0.1,72.0,28.0,,6.0,476.0
868,Lay's American Style Cream And Onion,33.0,12.5,53.0,16.0,0.0,6.7,,100.0
869,garlic,26.71,12.37,58.16,4.9,,6.1,1.588,497.0
870,cornado,29.0,13.0,63.0,3.0,4.0,5.0,1.575,530.0
871,collagen refreshers,0.0,0.0,3.0,1.0,0.0,11.0,0.0,60.0
872,Dlecta Natural Cheddar,30.0,,6.0,,,24.0,,390.0
873,Tiger glucose biscuits - Britannia - 49.7 grams,13.4,6.5,76.6,24.1,,7.5,0.317,457.0
874,banana mari,36.21,18.0,54.58,0.0,0.0,2.77,,555.0
875,Pure Made Syrup - Torani,,,66.7,66.7,,,,266.0
876,Horlicks - 18g,,,,,,,0.0,
877,Taan jeera masala sofa,0.0,0.0,8.2,8.2,,0.0,0.0,33.0
878,Elite good for you - 200g,0.38,51.48,1.78,,6.26,246.0,0.0,
879,Bourn Vita,15.1,6.7,73.5,34.2,,6.7,0.705,455.0
880,Soystix - Haldiram's,12.0,3.0,17.0,1.0,1.0,3.0,1.025,190.0
881,Tofu - Mooz Formaggio - 200 g,2.89,,4.5,,,14.19,,140.0
882,chocolate,33.0,21.1,57.0,32.0,11.8,7.2,,554.0
883,Britannia treat Croissant Mixed Fruit - 47g,16.2,8.51,59.0,26.2,,5.5,2.0,404.0
884,Tarte en or - Herta,9.9,3.8,18.0,0.8,2.8,7.4,38.0,8.0
885,Papdi gathiya,46.5,21.0,36.0,1.0,,12.5,1.978,628.0
886,banana sily yellow,33.4,0.0,58.5,0.0,0.0,3.1,,546.0
887,cold coffee,0.944,0.667,6.333,6.333,,1.889,,41.0
888,Britannia Good day Chocolate Cookies,24.0,14.1,68.0,33.4,,6.1,0.51,512.0
889,Jim Jam - Britannia - 25g,,,,,,,,483.0
890,Rasgulla - Haldiram's - 1kg,1.071,0.0,57.143,53.571,3.571,7.143,,250.0
891,Whole Wheat Sandwich Bread - Britannia,2.0,1.0,0.5,0.5,0.0,50.0,2.0,242.0
892,Pintola High Protien Peanut Butter - 1kg,38.0,7.0,,27.0,15.5,6.2,30.0,583.0
893,strawberry milkshake,5.9,3.9,21.8,21.4,,4.3,0.29,157.0
894,7up 750ml - PepsiCo - 750 ml,0.0,0.0,11.7,11.7,,0.0,,47.0
895,Dahi,3.0,0.0,4.52,0.0,0.0,3.6,,60.0
896,Yippee magic masala noodles four in one pack,20.1,10.7,62.6,3.0,,9.0,0.935,459.0
897,Hide and seek chocolate chip cookies,18.0,9.4,73.4,32.5,,5.9,0.285,479.0
898,Bovonto,0.0,0.0,17.0,17.0,0.0,0.0,,68.0
899,Organic Coconut Oil,100.0,82.5,0.0,0.0,0.0,0.0,,890.0
900,COCOA POWDER,11.1,7.1,49.7,0.0,,23.2,0.1,393.0
901,"Isopure, Low Carb, Dutch Chocolate - Nature's Best",1.515,,3.03,,3.03,75.758,,333.0
902,Curd,48.0,2.5,6.0,6.0,0.0,4.0,0.125,76.0
903,Max protein,7.7,1.7,31.7,1.5,7.0,20.0,0.0,230.0
904,aamras,0.0,0.0,8.0,6.0,0.0,0.0,0.0,67.0
905,Fresho Frozen Green pea - Big basket - 500g,0.1,0.0,14.3,0.0,,8.5,0.0,92.0
906,"Strawberry, Chocolate, Jaggery - again - 180 ml",2.0,1.2,0.1,,12.0,11.0,0.0,78.0
907,Confiture cherry reserve,0.1,0.0,65.0,64.0,0.9,0.6,0.0,261.0
908,Marie Gold - Britania - 45g,,,77.5,,,8.3,,453.0
909,Green Tea - 1,,,,,,,0.0,
910,Gourmet Vintage Cheese & Paprika Chips,25.8,11.6,61.2,3.6,,7.6,1.555,507.0
911,Poop,1.0,1.0,0.0,0.0,81.0,100.0,0.0,400.0
912,Disinfecting wipes,24.5,11.6,66.2,39.7,0.0,5.1,0.488,100.0
913,Orion The Ultimate Choco Chip Cookies - 100 g,30.0,17.9,0.04,59.2,26.5,,6.0,531.0
914,Southern Classic Bread - fresh choice - 400 g,0.8,0.6,0.1,0.1,,,13.0,276.0
915,Rabdi Milkshake - Cavin's - 180 ml,,,,,,,,241.0
916,TeaCountry Green tea -  - 1,0.1,,63.0,1.7,,23.5,,347.0
917,Mixed Fruit Delight - Tropicana,0.0,0.0,12.3,12.0,,0.0,,49.0
918,Farali Chevdo,38.9,14.0,40.9,8.0,0.0,15.2,,589.0
919,choco cookies,20.5,12.8,68.0,29.0,,5.8,,480.0
920,Cream & Onion,10.0,5.0,75.0,5.0,10.0,10.0,1.712,430.0
921,Strawberries & Cream Protein Milk Shake,1.9,1.5,3.5,0.0,1.25,8.5,0.0,65.0
922,Lay's sizzling hot,33.0,12.5,53.9,2.3,,6.6,1.388,538.0
923,Ratlam sev,0.0,0.0,3.8,1.2,0.7,3.2,,5.0
924,Vegan Pistachio Millet Biscuit - Karachi's - 300 g,37.5,15.536,0.1,,53.036,20.536,8.929,571.0
925,Veg Hakka Noodles,1.0,0.0,78.0,0.0,0.0,12.667,1.208,373.0
926,Dutch Chocolate Flavoured Protein Powder - Isopure,1.515,,3.03,,3.03,75.758,,333.0
927,Nandini goodlife pista flavouring milk,3.1,2.0,13.3,13.3,0.0,3.0,0.0,93.0
928,maaza - coco-cola - dest taste of mango& 200ml,0.0,0.0,12.5,12.3,0.0,0.0,0.0,50.0
929,Neycer - 500 ml,,,,,,,,
930,Extra virgin olive oil - BORGES - 1 l,100.0,16.0,75.0,10.0,0.0,0.0,0.0,900.0
931,Poprings Masala - Balaji - 22 g,,0.0,63.5,4.0,,5.8,2.558,
932,Max protein 7 grain breakfast cookie - RiteBite - 55 g,26.3,12.7,43.4,30.7,7.2,18.18,0.0,470.0
933,Nan pro2,0.0,,0.0,,,,,
934,Parle-g,13.0,6.0,77.3,25.5,0.0,6.9,0.74,454.0
935,Marie light,11.0,5.6,77.4,21.3,,9.1,0.731,445.0
936,Sandwich plus,2.0,1.56,8.0,7.16,3.54,16.72,2.31,520.0
937,Nimbu Pani,0.0,0.0,14.0,12.0,,0.0,0.0,52.0
938,Harvest Gold White Bread,0.52,0.1,49.0,3.0,2.9,6.57,1.242,227.0
939,Mad Angles MMMMM Masala - Bingo,32.1,14.8,0.1,,57.7,3.4,,538.0
940,Ghee -  - 500ml,,,,,,,0.0,
941,Oat clusters and Ragi flakes eith strawberry,10.2,4.0,76.5,17.9,11.8,9.1,0.312,434.0
942,Badam Flavoured Milk - Godrej Jersey - 190 ml,1.5,,13.7,8.8,,3.1,,80.0
943,Wafer Style Sundried Chilli Flavour - Lay's - 26.5 g,33.6,12.7,0.1,52.5,1.0,,6.7,539.0
944,Wafer Style Tangy Treat Flavour - Lay's - 26.5 g,33.6,12.7,0.1,53.5,3.6,,6.5,543.0
945,2-minute noodles - Maggi - 70g,13.5,8.2,0.13,59.6,1.8,2.0,8.2,389.0
946,Mala's -  - 500g,,,,,,,0.0,
947,Marie Gold - Britannia,10.7,5.2,78.9,21.9,,8.4,0.798,445.0
948,Oreo Cricket Edition,38.0,9.8,38.0,38.0,0.0,0.0,1.05,599.0
949,Chips Mast Masala - Haldiram's,34.0,16.0,54.0,0.3,,6.0,2.268,546.0
950,Sandwich bread,1.7,0.6,52.0,3.2,,7.3,1.138,252.0
951,Monaco,20.6,9.7,68.8,8.4,,7.9,2.228,492.0
952,Mixed Frozen Berries,0.0,0.0,6.9,6.7,3.8,0.0,0.002,43.0
953,Max Protein Chips Peri Peri - RiteBite,22.7,4.5,49.8,3.0,,16.7,0.833,477.0
954,Popz,17.0,8.0,71.0,32.0,3.0,7.0,,465.0
955,Basil seed drink,0.0,0.0,38.0,36.0,0.0,0.0,,150.0
956,test 2 - 100g,,,,,,,0.0,
957,Nutty Chips - Open Secret,8.0,0.7,15.0,0.7,,4.0,,153.0
958,Max Protien - RiteBite,22.833,4.5,49.667,4.0,6.667,16.667,2.083,478.0
959,Saundarya aloe vera gel -  - 150ml,,,,,,,0.0,
960,Klondike bar original,16.471,12.941,32.941,27.059,1.176,3.529,0.206,282.0
961,Smoodh,,,,,,,,81.0
962,Happy Happy Choco-Chip Cookies - Parle - 60 g,20.1,10.6,0.0,,71.3,30.6,,489.0
963,Potato Lite - Haldiram Snacks Pvt. Ltd. - 15g,23.44,9.96,65.8,,4.68,1.25,2.36,479.0
964,Adrak Elaichi - Chaayos,16.1,,57.9,16.2,,18.0,,445.0
965,PHALHARI CHIWDA - Haldiram - 45g,42.0,8.67,38.0,10.0,4.44,14.2,0.559,596.0
966,Nextar Soft Brownies - Nabati - 36 g,20.0,9.0,68.0,25.0,0.0,5.0,0.605,471.0
967,Delista macaroni - Haldiram's - 200g,1.0,0.4,78.1,0.2,,9.8,0.0,360.0
968,Punjabi Khichdi - Fortune - 60g,4.0,1.0,68.0,1.0,,12.0,0.0,356.0
969,Ginger Garlic paste - Bambind - 20g,0.42,0.0,0.0,,15.48,0.0,0.0,79.0
970,kachi ghani mustard oil - Nature fresh - 455g,100.0,5.5,0.0,0.0,0.0,0.0,0.0,884.0
971,maggi Pichkoo tomato ketchup - Nestle - 90g,0.0,0.0,30.0,26.5,1.3,0.9,1.942,121.0
972,Peanut Butter - Sundrop - 924g,15.0,0.0,19.0,8.0,5.0,26.0,0.875,641.0
973,Kerala virgin coconut oil,4.55,4.18,0.0,0.0,0.0,0.0,0.0,40.0
974,Milky bar - Nestlé - 42 g,27.3,25.1,0.05,51.6,39.9,1.0,11.1,119.0
975,Amul Kool Rose,5.6,3.4,22.5,22.5,,5.6,0.195,163.0
976,"Chokissimo Choco Brownie - Cornetto - 72 g, 110 ml",16.7,7.64,0.111,,43.5,28.8,1.39,347.0
977,Vedica Zen - Bisleri - 500 ml,,,,,,0.035,,
978,"Chocolate Chunk Nuts - Yoga Bar - 1pc, 38 g per serving",5.6,1.0,24.3,7.6,3.2,4.7,,157.0
979,"Sun lite - Fortune - 1 l, 910 g",100.0,17.0,14.0,49.0,2.0,0.0,0.0,900.0
980,Garam Masala - Priya - 100 g,8.0,2.0,0.1,0.3,0.0,,20.0,850.0
981,Hot and sweet sauce,0.0,0.0,31.5,27.4,0.8,11.0,1.974,127.0
982,kick,,,,,,,0.0,
983,Instant noodles chicken flavour - 70 g,16.0,8.0,65.0,3.0,,10.0,,448.0
984,TOMATO KETCHUP CLASSIC BLEND - Del Monte - 950 g,0.0,0.0,27.0,18.4,,0.0,1.62,108.0
985,Chocobakes - Cadbury - 126 g,21.9,14.1,0.1,,63.7,41.1,,465.0
986,Antioxydant mix,44.0,12.4,20.7,0.0,13.86,29.1,,595.0
987,Chocos - Kellogg's,2.9,1.2,83.6,30.5,5.0,9.0,0.33,387.0
988,Amul Cheese Slices - 100 g,25.0,16.0,,1.5,0.0,0.0,20.0,311.0
989,Spicy crackers,13.3,5.5,70.2,8.5,0.0,9.1,,436.0
990,Chocolate Wheat Flakes,2.8,2.6,80.6,28.9,8.2,11.0,,392.0
991,Roasted makhana,20.0,3.0,65.0,2.0,6.0,7.0,1.42,468.0
992,Lavash flatbread,2.39,0.21,77.7,4.78,0.0,12.74,0.0,383.0
993,Chocobakes - Cadbury - 75 g,24.5,11.6,0.1,,66.2,39.7,,501.0
994,Puff - PRIYAGOLD - 40g,22.32,11.23,64.35,29.0,,7.46,0.406,497.0
995,Peanut Butter - Pintola - 1 kg,50.0,10.0,0.0,,19.0,10.0,5.0,149.0
996,Bisleri Limonata - 600 ml,0.0,,11.9,12.5,,0.0,0.0,48.0
997,"Magnum Chocolate Truffle - Unilever - 62 g, 80 ml",12.1,7.7,0.1,,17.0,14.1,1.6,184.0
998,Nestea Iced Tea Lemon flavour - Nestlé - 200 ml,0.0,0.0,6.0,3.6,0.0,0.0,0.0,25.0
999,Garlic mixture - Rajam snacks - 800 g,36.89,,0.07,42.32,,,14.41,559.0
1000,Masala peanuts - sowbhagya foods,37.6,,22.4,,14.4,21.4,0.8,513.0
1001,Room freshner - 140g,,,,,,,0.0,
1002,Good Day Harmony - Britannia Industries Ltd - 120 g,25.0,11.2,10.5,2.8,,64.8,21.5,513.0
1003,Fantastik Chico Bar XL - Candyman,29.4,28.2,60.6,51.6,,7.2,,536.0
1004,Khasta crispy masti,10.8,3.1,7.8,0.9,2.2,6.0,0.361,149.0
1005,Godrej Jersey Paneer - 200 g,23.0,,4.0,,,17.0,,291.0
1006,Haldiram - 1 kg,7.4,1.3,65.1,0.0,11.3,12.0,5.1,386.0
1007,Fresh rice vermicelli - Bun Tuoi - 200 g,0.0,0.0,80.0,0.0,2.0,4.0,0.8,332.0
1008,Extra Virgin Olive oil - Del Monte - 250 ml,91.6,13.0,0.0,0.0,0.0,0.0,0.0,824.0
1009,Nice Sugar sprinkled coconut biscuits - Dukes - 150g,14.5,7.5,74.0,28.2,,7.4,,454.0
1010,Bhujia,45.0,14.0,37.0,0.0,6.0,14.0,1.995,609.0
1011,Mixed fruit juice,0.0,0.0,12.2,0.0,,0.0,0.0,4.0
1012,Horlicks - 200g,,78.0,14.0,,10.0,,,
1013,Center Fresh GUM - 7.2g,,,,,,,0.0,
1014,Marinierte Sardellenfilets - Medusa,6.8,0.9,0.1,0.1,,19.0,,139.0
1015,Oreo chocolatey sandwich biscuits,19.7,9.8,71.4,38.0,0.0,5.0,1.05,483.0
1016,Organic Cow Ghee,99.84,63.6,0.0,0.0,0.0,0.0,0.0,898.0
1017,Nutri Choice,21.0,10.2,68.4,14.4,6.0,8.6,1.158,485.0
1018,Maggi Pichkoo,0.0,0.0,33.5,30.8,1.8,1.2,2.565,139.0
1019,Mixed Berries alovera juice,0.0,0.0,13.8,13.3,5.3,0.6,0.162,57.0
1020,Natkhat Nimbu Lemon Hit Namkeen,9.84,2.57,10.94,0.0,,1.33,,137.0
1021,Healthy Breakfast Cereal,1.03,0.18,24.31,1.29,2.13,3.36,,120.0
1022,Instant Bhel - Haldiram's - 44 g,36.5,15.4,43.8,8.61,5.66,14.0,0.889,570.0
1023,Aloo Bhujia - Haldiram's - 42 g,38.12,13.64,46.1,0.25,0.83,8.68,1.562,562.0
1024,Dairy milk chocolate fruit and nut,28.6,16.4,59.0,52.3,0.0,8.5,,522.0
1025,Yippee magic masala,20.0,10.667,62.667,3.0,,9.0,3.118,460.0
1026,Sunfeast Yippee! noodles Magic Masala - ITC - 405 g,20.1,10.7,0.0,62.6,3.0,,9.0,459.0
1027,Peanut satay Chunky sauce - F.Whitlock and sons,2.6,0.8,5.9,4.9,,1.3,,52.0
1028,Shri Neelkamal - 500g,0.83,0.0,78.99,0.0,5.8,10.02,0.0,363.0
1029,CAKE 100 VEG Gobbles fruity fun - Britannia - 64g,18.4,7.9,6.4,3.6,0.1,57.0,26.0,420.0
1030,Bambino Vermicelli - 90g,1.0,0.3,77.5,0.0,3.0,10.5,0.0,361.0
1031,WeikField baking powder - 100g,0.0,0.0,45.6,0.0,0.0,0.1,0.1,183.0
1032,WeikField Coco powder - 50g,11.1,7.1,49.7,0.0,0.0,23.2,0.1,393.0
1033,Sunfeast Yippee noodles - 67.5 g,20.1,10.7,0.0,,62.6,3.0,0.0,459.0
1034,Kwality x Wall's Desi Twist Creamy Kulfi - 700ml,,,26.6,24.0,0.862,4.31,11.9,229.0
1035,Fruit drink,0.0,0.0,10.0,10.0,,0.5,,42.0
1036,Papacream X Rhea Kapoor Hazelnut Cold Coffee - 450ml,10.12,6.5,19.7,10.67,,,,183.0
1037,All time mixture - Biicano,10.0,4.0,14.0,2.0,0.0,4.0,0.575,160.0
1038,Cup noodles,19.2,9.6,60.9,2.2,,10.0,,455.0
1039,Graine de tournesol au thé vert,52.6,5.7,13.6,4.3,0.0,24.5,1.79,620.0
1040,Orange Burfee - Haldiram's - 250g,1.3,0.52,0.0,,66.91,57.74,1.81,296.0
1041,Pizza and pasta sauce - Del Monte Quality - 100g,4.1,1.2,0.0,39.5,18.7,0.0,4.9,215.0
1042,Veg mayonnaise for burger,42.1,7.6,20.1,14.3,,1.6,1.62,465.0
1043,Amul kool elaichi flavour - 180 ml,5.6,3.4,,22.5,22.5,,5.6,163.0
1044,KitKat - Nestlé - 38.5 g,25.6,24.0,51.2,33.2,2.5,6.4,0.243,589.0
1045,Pure honey,0.0,0.0,82.4,82.12,0.0,0.3,0.1,300.0
1046,Creamy Peanut Butter - MaraNatha,7.778,1.111,4.444,1.111,1.111,4.444,,100.0
1047,नवजीवन हिंग - 10g,2.3,1.3,77.4,,,6.1,,355.0
1048,Minute Maid Apple - 150 ml,,,11.0,9.0,,,,44.0
1049,Oats multigrain - Quaker,8.0,1.8,70.7,2.2,10.0,11.1,0.292,399.0
1050,Atta with Multigrains,2.0,0.0,72.0,5.0,14.0,14.0,,370.0
1051,هاي تي - 225,,,,,,,0.0,
1052,Mirinda - PepsiCo Inc. - 250 ml,,,13.8,13.8,,,15.24,55.0
1053,Potato chips Star - 14g,32.2,13.11,56.6,3.6,4.08,6.3,114.7,541.0
1054,कोल्हापूरी दरबार चिकन ६५ मिक्स - 200gm,1.0,,58.0,,,3.0,,253.0
1055,Chilli Chatka - 1kg,34.5,15.5,59.2,20.0,12.0,5.6,,558.0
1056,Mango Smoothie with Mango Chunks - Sunfeast - 300 ml,1.0,0.7,,17.4,17.0,,1.0,83.0
1057,Chocos Moons and Stars - Kellogg's - 350 g,,84.0,30.0,1.67,3.67,8.67,1.0,
1058,best ever sunlight - 1,2.0,2.0,2.0,2.0,2.0,,2.0,22.0
1059,Good Day,23.4,11.5,67.7,21.9,,6.6,0.578,508.0
1060,West Indies hotn sweet chilli,32.0,12.1,55.1,6.0,,6.4,1.678,534.0
1061,Cadbury Crackle - Hindustan Unilever limited - 420g,7.7,4.5,19.2,16.6,0.6,2.3,0.091,155.0
1062,veg mayonnaise - Dr. Oetker - 250g,24.9,4.6,21.3,12.7,,0.9,2.438,312.0
1063,COFFEE,2.0,0.0,72.0,0.0,0.0,16.0,,375.0
1064,2-minutes masala noodles - Nestle nutrition - 280g,13.5,8.2,59.6,1.8,2.0,8.2,1.028,389.0
1065,OREO,,,,,,,0.0,
1066,Just pomegranate,0.0,0.0,4.848,3.636,1.212,0.455,,16.0
1067,Cheesy Sauce - Wingreens Farms - 180 g,50.5,8.5,1.0,,8.3,6.5,,492.0
1068,Soya milk powder - 500 g,18.7,0.0,22.3,0.0,21.4,49.0,1.178,461.0
1069,Aloevera pulp & juice - Yoga pulp - 200ml,0.0,,,,,0.0,,32.0
1070,Chat Masala - BHARAT MASALA - 50g,1.5,0.5,22.0,,,4.5,,119.0
1071,Treat Cream Wafers,24.2,19.0,67.5,41.6,0.0,6.3,,513.0
1072,YiPPee Pasta Treat,4.0,2.0,70.0,7.7,0.0,12.0,,357.0
1073,Doritos,23.4,9.0,65.1,4.5,,7.1,1.512,499.0
1074,Mr noodles,22.37,10.13,60.35,2.09,6.15,8.96,0.969,0.0
1075,Koko Krunch,12.5,6.8,57.8,16.7,3.2,6.0,2.0,0.0
1076,Desi Ghee,99.7,67.0,0.0,0.0,0.0,0.0,,927.0
1077,Garlic Paste,0.4,0.1,25.6,0.0,4.4,5.1,,126.0
1078,Fanta,0.0,0.0,14.0,13.7,0.0,0.0,,56.0
1079,Pazzta Masala Penne - Maggie - 65 g,1.7,1.3,66.3,3.6,3.6,10.3,2.008,314.0
1080,The Whole Truth Bar Cranberry,11.8,3.2,21.2,14.6,2.2,12.0,,235.0
1081,LION Layina dates,0.3,0.0,77.8,69.81,1.54,2.31,1.665,323.0
1082,"Sunfeast Dark Fantasy Bourbon, Classic Biscuit - 50g",,,,,,,0.0,
1083,real apple juice - 1l,,,,,,,3850000000000.0,
1084,Sunfeast glucose biscuits,10.4,0.01,78.8,28.5,,7.1,5.75,437.0
1085,Milk Blast,32.8,32.76,58.26,44.0,,3.41,,580.0
1086,Soya Drink Vanilla Flavour - sofit - 200 ml,3.2,0.36,0.74,1.8,1.6,25.2,23.7,77.0
1087,Mediterranean Khubus 6's,0.3,0.0,64.2,2.5,,7.7,,290.0
1088,cornitos Nacho Crisps - 60g,,,,,,,0.0,
1089,farm land frozen green peas - Farmland - 1kg,0.0,13.5,1.0,0.0,0.0,0.0,,
1090,99% Cacao Ultimate Dark Chocolate - Amul,40.8,23.1,28.4,1.2,,14.7,0.15,522.0
1091,Snikers,25.4,10.0,57.7,49.5,,9.3,0.555,487.0
1092,Potato chips,6.7,2.8,10.1,0.3,,1.4,,106.0
1093,Peanut butter regular - sundrop - 924g,55.0,14.8,29.6,8.0,0.0,,15.2,647.0
1094,Marie Gold - Britannia - 1 Packet,10.7,5.2,78.9,21.9,,8.4,,445.0
1095,Curd,3.0,1.9,5.2,1.0,0.1,3.5,0.112,61.0
1096,green peas onion garlic - heritage namkeen Pvt ltd - 25g,,,,,,,0.0,
1097,Hazelnut Spread with Cocoa PMP - nutella - 825 g,30.9,10.6,57.5,56.3,,6.3,0.107,538.0
1098,Frooti - Parle - 300ml,,,16.2,2.5,,,,65.0
1099,Maxirich Multivitamin - Nutrraceutical,54.5,,7.27,0.0,,1.82,,532.0
1100,Coke - Coca cola - 2 l,0.0,0.0,10.156,10.156,0.0,0.0,,36.0
1101,Pintola all natural peanut butter (crunchy) - 1 kg,50.0,6.25,18.75,3.125,9.375,31.25,,637.0
1102,Pringles - Kelloggs - 107g,27.9,14.0,0.3,62.8,0.4,0.0,5.0,523.0
1103,Mango Pickle - Swastiks - 100g,2.4,0.3,0.0,,2.5,1.5,0.7,0.0
1104,Treat Jimjam,19.0,9.5,73.0,33.5,,5.0,0.0,483.0
1105,Krack Jack - Parle - 250g,19.9,9.4,0.0,,70.5,19.6,,489.0
1106,Kelloggs Corn Flakes - 100g,9.3,0.2,36.0,2.5,0.8,2.0,0.525,260.0
1107,Steel cut oats,8.5,1.3,66.0,0.0,10.2,14.2,,397.0
1108,Sago ball - Gopal,26.2,13.0,69.0,4.0,1.0,1.2,,516.0
1109,Lotte Choco Pie - 56g,17.0,12.0,17.0,,68.0,34.0,0.0,441.0
1110,50-50 Maska Chaska - Britannia - 45.5g,26.0,13.0,0.0,60.0,7.5,0.0,7.0,502.0
1111,All Rounder - Sunfeast - 75g,19.5,9.6,0.0,66.7,15.4,0.0,7.2,471.0
1112,Toastea premium rusk - Britannia - 200g,8.3,3.9,0.0,,80.7,23.0,0.0,433.0
1113,Swing,0.0,0.0,8.8,8.6,0.0,0.0,,34.0
1114,Molsis Zahidi Dates - Bolas Agro - 500g,0.0,0.0,,68.0,60.0,8.0,4.0,280.0
1115,Enerzal,0.0,0.0,13.5,10.35,,0.0,0.356,54.0
1116,Nutrela,1.31,0.31,63.9,0.0,10.02,21.92,17.0,355.0
1117,Boisson soja,0.8,0.3,2.8,1.95,0.4,1.9,0.15,41.0
1118,Britannia - 78g,10.7,5.2,78.9,21.9,0.0,8.4,0.0,0.0
1119,Lipton Green Tea - Unilever and PepsiCo. - 25N,0.0,0.0,0.0,0.0,0.0,0.0,0.0,0.0
1120,Sprite Coca-Cola - कोका कोला क - 2 l,,,12.2,11.7,,,25.65,49.0
1121,Classic Cold Coffee - Cothas - 250 ml,2.8,2.1,13.3,9.0,,3.4,,92.0
1122,Honey Bell vanilla cake,23.5,23.5,51.9,51.0,0.0,7.1,0.0,448.0
1123,Winkin Cow,4.4,2.8,16.7,16.7,,3.1,0.21,119.0
1124,Jeera Masala,0.0,0.0,5.0,5.0,0.0,0.0,0.0,20.0
1125,Savoriz - Bauli - 52 g,20.2,9.8,,,48.1,7.8,,405.0
1126,Tomato Ketchup - 950g,0.12,32.9,24.7,,1.4,,0.0,
1127,Tomato pickle,15.86,3.78,11.92,3.7,1.2,2.96,10.531,202.0
1128,Lemon pickle,11.77,3.08,8.33,1.6,,1.88,10.388,146.0
1129,Rol a cola,0.0,0.0,97.8,80.3,,0.0,,391.0
1130,Vatika shanpu - 6.6,75.0,55.0,55.0,87.0,86.0,89.0,66.0,25.0
1131,Dark fantasy,18.6,9.5,73.5,38.5,,5.3,0.3,482.0
1132,Orange Squash,0.3,0.0,52.5,52.0,0.1,0.2,0.2,214.0
1133,happydent,,,,,,,0.0,
1134,Drink - 8901764022708 - fanta,0.9,0.5,14.0,13.79,,0.0,,56.0
1135,Bread sticks Sesame,7.87,1.11,75.82,4.4,3.1,12.31,0.125,430.0
1136,Roll Yo!,15.7,8.6,60.0,38.2,,5.5,1.0,403.0
1137,Tomato Ketchup - kissan - weight: 1.2 kg,0.4,0.03,31.0,29.2,0.6,1.1,2.37,133.0
1138,Gamini,,,,,,,0.0,
1139,Golden sizzle,29.0,13.0,55.0,0.0,10.0,8.0,,510.0
1140,Tofu - 200 g,6.0,0.0,8.0,0.0,0.0,16.5,0.255,136.0
1141,Protein Peanut Butter,40.1,6.7,19.6,0.0,4.2,37.0,0.002,578.0
1142,STAINLESS - RK,,,,,,,0.0,
1143,Hajmola anaardana 120Tabs - 5,,,,,,,0.0,
1144,My companion Longbook 108p - 5,,,,,,,0.0,
1145,Milk shakr chocolate flavour - Hershey's - 1,1.889,1.389,16.778,16.778,0.0,1.778,0.129,90.0
1146,Bread sticks herb,9.8,0.0,68.5,2.7,,8.2,0.0,395.0
1147,Rice crisps,11.8,1.975,75.325,2.875,,6.85,,435.0
1148,Arabian Dates,0.3,0.0,77.88,69.81,7.35,2.31,0.154,323.0
1149,Peri Peri Sauce,3.85,0.6,7.52,3.85,,0.88,0.0,68.0
1150,Oreo - 7,19.5,9.7,70.7,38.6,,5.3,1.245,480.0
1151,Top ramen curry flavour - 5,18.7,9.2,64.6,5.1,0.0,8.9,0.0,462.0
1152,Greek yoghurt alphonso mango,1.7,1.2,15.6,11.8,0.0,6.4,0.105,103.0
1153,Rice cakes mix masala - 84 g,0.44,0.21,21.45,0.53,2.53,3.72,0.145,104.0
1154,Lassi,1.7,1.2,13.5,13.5,,1.8,,76.0
1155,Little hearts,19.5,9.4,70.0,23.0,0.0,7.4,,486.0
1156,Fried Rice with Chilli Paneer - Haldiram,6.357,2.143,17.857,0.357,1.429,3.571,,142.0
1157,Good Day Butter Cookies - Britannia - 68g,22.0,11.0,,67.0,22.0,,7.0,494.0
1158,Britannia Nutri Choice Digestive - 50g,,10.2,8.0,2.4,0.0,,68.4,497.0
1159,Protein Lassi - Mango flavour - Amul - 250 ml,0.32,0.2,,12.6,4.0,,6.0,60.0
1160,Mountain Dew - MEWATI 🔔 - 1.25 l,0.0,0.0,12.3,12.3,,0.0,0.02,49.0
1161,Vegain - Man matters,,,,,,,0.0,
1162,Sourdough. Pav - Bakers dozen,3.6,,49.0,,,8.85,,262.0
1163,Herbal Power Vita - Patanjali - 500 g,1.94,0.0,87.07,72.66,,6.53,,391.0
1164,Dant Kanti - Patanjali Ayurved - 150 g,,,,,,,0.0,
1165,Chocolat soy milk,1.5,0.3,9.9,8.9,0.5,3.4,,281.0
1166,Continental This is Caramel coffee - Continental Coffee Limited - 22g,3.0,3.0,15.3,11.6,1.5,0.79,0.16,92.0
1167,Barramundi - The Better Fish,1.327,0.442,0.0,0.0,0.0,18.584,,88.0
1168,Refreshing Green Tea Morocan Mint,0.1,0.0,70.28,0.1,0.0,18.79,0.0,352.0
1169,SPORT EVOLVE PERFORMANCE PLANT PROTEIN -TROPICAL MANGO - 1 kg,1.8,0.0,14.7,0.0,,73.5,,376.0
1170,Noodle snack - Tasty treat,,,60.0,,,10.0,,480.0
1171,fortune premium kachi ghani pure mustard oil - adani Wilmar - 1kg.,100.0,12.0,1.0,0.0,0.0,0.0,0.0,900.0
1172,Sting - 250 ml,0.0,0.0,7.0,6.8,0.0,0.0,,9.0
1173,Milk Cake - Lal,15.0,7.0,53.0,51.0,,10.0,,366.0
1174,Mixed pickle - Mother's Recipe - 1kg,,,,,,,9090000000000.0,
1175,Sprite - Coca Cola - 750 ml,,,,,,,0.0,
1176,Sprite,,,12.2,11.7,,,,49.0
1177,Patanjali Divya Jal - 1 l,0.0,,0.0,,,0.0,,0.0
1178,Lychee & Pink Guava,0.0,0.0,9.82,9.76,,0.29,0.0,40.0
1179,Kundan.kumar - dabar - 120g,50.0,50.0,25.0,50.0,50.0,50.0,50.0,1100.0
1180,Ginger Beer non-alcoholic,0.0,0.0,8.6,7.85,,0.1,,34.0
1181,Yakult,0.1,0.0,11.5,10.5,,0.8,0.0,50.0
1182,Milk-Ma Butter Cookies - 200g,16.0,0.0,48.0,1.14,1.42,6.28,0.518,362.0
1183,Milk-Ma whole wheat critters - 150g,16.0,0.0,48.0,1.14,1.42,6.28,0.518,362.0
1184,Cashew biscuits - Milk Ma - 200g,16.0,0.0,48.0,1.14,1.42,6.28,0.518,362.0
1185,Parle Mazelo Candy - 198 g,0.0,0.0,95.1,79.7,,0.0,0.046,380.0
1186,Almond Drink,1.9,0.2,0.3,0.2,,1.7,,25.0
1187,Kinley water,0.0,0.0,0.0,0.0,0.0,0.0,0.0,0.0
1188,Quinoa Muesli - Chocolate and Banana -,6.43,0.89,71.53,6.25,7.26,12.13,1.8,393.0
1189,On The Run Energy Bar Choco Crunch,26.5,0.0,56.0,50.0,0.0,10.0,0.0,498.0
1190,Soft spot plant based smoked cheese - 200g,25.2,19.2,13.2,0.0,0.0,1.6,1.78,288.0
1191,Cola Kombucha,0.09,0.0,4.13,3.13,0.0,1.14,,9.0
1192,Glucon-D - 300 - 200g,0.0,0.0,92.0,45.0,0.0,0.0,,368.0
1193,Jelly mazza,0.0,0.0,87.9,34.1,0.0,0.2,,353.0
1194,"Popped lotus seeds, himalayan salt and pepper",29.14,3.55,57.12,4.52,,7.3,2.325,520.0
1195,Sliced Brown Bread,2.56,0.62,48.87,2.0,,10.45,0.89,257.0
1196,kkk - Jj's Bakery - 1pis,,,,,,,0.0,
1197,Mighty Mango,0.0,0.0,96.0,8.0,0.0,0.8,0.0,42.0
1198,Classic Lemon Flavoured Ice Tea,0.0,0.0,7.0,7.0,0.0,0.0,0.0,28.0
1199,Amul Ice Cream - 2L,14.6,7.6,26.8,18.4,,1.4,,255.0
1200,sprite - 750ml,,,,,,,,38.0
1201,Daawat Rozana Basmati Rice - 5 kg,0.5,0.1,,78.0,0.0,1.9,8.2,384.0
1202,Asparagus -  - 100g,0.1,0.0,3.9,1.9,0.0,2.2,50.0,200.0
1203,Apis Classic Dates - 500g,,,75.03,,8.0,2.45,,282.0
1204,Home chef Pasta Macaroni Elbow -  - 875g,0.4,,79.8,1.8,3.0,11.0,0.018,367.0
1205,Quaker Oats - 40 g,9.5,1.9,68.5,1.8,10.0,11.8,23.75,407.0
1206,Kombucha Cranberry,0.0,0.0,6.01,5.25,0.0,0.67,0.0,26.0
1207,Shortbread,27.5,17.52,61.0,18.0,0.0,6.54,0.0,516.0
1208,Oreo,19.6,9.7,71.9,38.8,,5.2,1.208,483.0
1209,Sweet chilli Doritos,23.4,8.7,65.5,6.5,,6.6,1.602,499.0
1210,Spanish tomato tango,33.5,13.0,53.2,5.12,,7.1,1.648,543.0
1211,ujoygnhyyhyyhhggyhhh - ducthv - hkb,,,,,,,0.0,
1212,Banana chips,32.0,0.0,62.92,0.0,2.8,1.7,,548.0
1213,Butter cookies,24.0,15.4,65.4,0.0,23.0,6.4,0.0,505.0
1214,Roasted peanuts - 140 g,9.0,0.0,4.0,4.0,1.0,52.0,,630.0
1215,LaxmiNarayan Patal Poha Chiwda (Indian snack) - 250 g,19.14,4.59,60.27,4.35,14.18,16.37,0.418,475.0
1216,Nutties - Cadbury - 30g,24.5,12.9,67.2,61.7,1.2,5.1,0.278,506.0
1217,Balaji Wafers Rumbles Potato Chips Pudina Twist flavour - 40 g,31.1,14.7,0.1,54.6,2.0,,7.3,541.0
1218,Athavale's Patal Poha Chivada (Indian Snack) - 200 g,20.68,,63.89,4.75,,9.19,,478.0
1219,Yellow Chana - Charliee - 185g,2.0,,20.0,,4.0,6.0,0.356,120.0
1220,Cadbury Temptations Rum & Raisin Chocolate Bar - 72 g,26.1,17.0,,61.8,53.2,,5.7,498.0
1221,Cornflakes Chiwda (fried Indian snack) - LaxmiNarayan - 250 g,43.0,13.71,17.97,11.26,0.0,42.96,16.71,602.0
1222,Moong dal - Haldiram's - 400 g,20.93,5.64,3.81,8.61,,50.66,0.0,476.0
1223,Cashews,49.6,0.0,0.0,0.0,1.3,18.6,0.0,630.0
1224,Shrikhand - Amul,5.0,2.9,42.0,41.0,,5.3,,237.0
1225,Brunos,10.0,9.8,50.3,50.0,,7.8,,4.0
1226,Dahi - Amul,3.1,2.0,4.4,,,4.0,,61.0
1227,Laccha paratha,9.8,3.3,46.7,1.4,5.7,7.2,0.0,304.0
1228,Tadka chaach,1.3,0.0,1.5,0.0,,40.0,0.588,19.0
1229,Butter Chakli - Charliee - 105g,30.0,16.7,60.0,3.33,0.32,6.67,6.67,533.0
1230,Multigrain chips,20.0,9.167,66.667,9.167,5.0,8.333,2.5,483.0
1231,Piknik Classic Tomato Chilli (fried Indian snack) - 70g,27.6,12.6,11.7,2.7,57.6,,,513.0
1232,Protein Buttermilk - Amul - 200 ml,0.5,0.3,4.0,0.0,,7.5,0.127,54.0
1233,Potato stix,24.5,11.7,66.0,4.9,2.8,5.1,0.92,507.0
1234,Masala Roasted Chana - Bam Bam - 200g,4.26,,54.83,,,21.43,,343.0
1235,Roasted Peanut - Diamond - 200g,,,,,,,0.0,
1236,Banana Chips - Ela,33.6,28.97,58.4,35.34,7.7,2.3,0.015,519.0
1237,Roasted Peanuts - Diamond,49.7,23.8,18.4,5.5,22.7,4.2,,632.0
1238,Munchini,17.0,14.0,74.0,45.0,4.0,6.0,5.0,470.0
1239,Masala munch,34.6,15.6,55.2,1.0,,6.4,2.23,558.0
1240,osam misti dahi - 80gms,,,,,,,0.0,
1241,Masala oats,12.1,1.4,64.1,4.7,12.7,11.9,5.315,362.0
1242,Fittr,68.36,0.0,0.0,0.0,14.63,5.56,8.32,382.0
1243,Orange Delight - Tropicana - 200 ml,,,0.082,12.4,12.0,,0.1,50.0
1244,Alpenliebe gold cream strawberry flavor candy,6.7,6.5,88.0,55.0,,0.12,,412.0
1245,Parle cream n onion chips,32.8,15.5,57.1,4.1,,8.1,1.472,7.0
1246,Too Yumm! Rings - Tomato Twist - 75g,22.5,10.4,9.4,2.6,0.1,67.0,6.9,493.0
1247,Munch choclate bar,21.3,20.0,62.9,31.4,2.8,6.3,0.312,469.0
1248,Mukharochak chira bhaja,38.0,15.0,48.0,3.0,0.0,11.0,0.608,607.0
1249,Kwality Walls Oreo Chocolate Icecream,6.3,3.5,15.3,12.6,0.3,2.0,0.118,126.0
1250,Parle peri peri chips,33.6,16.0,57.2,2.2,,7.2,1.732,560.0
1251,The Laughing Cow Creamy Cheese,20.0,0.0,5.0,0.0,,11.0,0.72,236.0
1252,Epigamia Greek Yogurt Vanilla Bean,1.9,1.4,13.4,13.4,,7.0,0.151,99.0
1253,Pancake Mix,5.5,2.0,69.8,12.7,2.0,7.7,2.172,360.0
1254,Dr. Oetker Peanut Butter,51.0,10.4,19.3,7.5,,26.3,0.0,642.0
1255,American Garden Pancake Syrup,0.0,0.0,55.0,39.0,0.0,0.0,0.262,220.0
1256,Nacho Crisps Sizzling Jalapeno - Cornitos - 60 g,21.42,3.57,7.14,67.8,3.57,3.57,7.14,482.0
1257,Phulka Roti - Haldiram's - 900 g,5.833,2.5,48.333,1.667,5.0,8.333,0.375,283.0
1258,Pomegranate Delight - Tropicana - 200 ml,0.0,0.0,0.051,11.8,11.4,,,47.0
1259,Rusk - Parle - 273 g,11.111,5.556,77.778,25.926,0.0,7.407,0.787,444.0
1260,Chevdo,38.8,38.0,40.9,8.0,,15.2,,589.0
1261,Haldiram Nut Cracker - Haldiram's - 42g,50.0,22.5,26.0,0.3,,20.0,3.75,634.0
1262,Veg mayonnaise - Dr. Oetker - 100g,51.8,9.2,0.0,,8.6,7.3,0.0,502.0
1263,Lemon Rice - MTR - 250 g,10.0,2.96,31.2,0.0,0.0,2.96,1.85,225.0
1264,Amla Juice - Baidyanath - 1 L,,,,,,,0.0,
1265,Natural whole wheat parato - ID,16.0,6.3,35.0,0.0,2.0,11.0,0.47,327.0
1266,Chips,34.0,13.3,54.0,2.6,,7.0,1.275,550.0
1267,9.06E+11,0.62,0.4,0.96,,,,,12.0
1268,Wheat flour - 5 kg,0.96,,73.2,,,12.4,,351.0
1269,Goodmylk Mylk - 200 ml,4.0,0.6,1.3,1.0,0.2,0.8,,44.0
1270,Atom protien powder,1.0,0.0,47.0,0.0,,27.0,,4.0
1271,Potato Chips (Plain Salted flavour) - Uncle Chipps - 52g,35.0,15.8,52.0,0.6,,6.7,1.501,548.0
1272,Brown Bread,1.7,0.7,48.0,2.4,5.0,7.8,1.125,248.0
1273,Natural Cheddar slices - D'lecta - 200 g,30.0,,6.0,0.0,,24.0,,390.0
1274,Apple cider vinegar - American garden - 473ml,0.0,0.0,0.0,0.0,0.0,0.0,0.02,31.0
1275,spicy banana chips,40.0,15.0,49.0,2.0,,3.0,1.6,568.0
1276,Happydent white - 10.2g,,,70.0,,,0.0,0.0,
1277,8.91E+12,,,,,,,0.0,
1278,Pop Rings - Balaji,21.164,10.582,67.019,0.0,0.0,7.055,2.116,493.0
1279,Ice cream mix - 100g,2.2,1.9,95.3,93.0,,0.1,0.16,401.0
1280,India's magic masala - Lay's - 20 g.,,,,,,,0.0,
1281,hot ´n’ spicy chilli+ pepper noodles - 100 g,21.5,9.74,0.78,0.0,62.95,10.0,0.0,485.0
1282,Gobhi Paratha - 400 g,11.0,1.0,34.0,0.0,4.0,7.0,1.475,260.0
1283,Paneer onion paratha - Haldiram,15.0,3.5,33.0,0.0,3.0,8.0,1.375,300.0
1284,Orbit Chewing Gum - Wrigley's - 22g,1.6,1.3,70.0,0.0,0.0,0.0,0.005,185.0
1285,Fresh tomato ketchup - Kissan,0.1,1.0,4.6,4.4,0.1,0.2,9.6,20.0
1286,Dakshin - Haldiram's - 180 g,40.0,17.0,49.0,2.0,5.71,3.0,1.6,0.0
1287,Lassi - Amul,42.0,2.5,29.0,29.0,,4.2,0.15,177.0
1288,Chocobakes Choc layered Cakes - Cadbury - 21 g,21.9,14.1,0.1,,63.7,41.1,,465.0
1289,Bhujia sev - Haldiram's - 400g,43.5,11.5,37.14,0.0,,18.85,,592.0
1290,test hoc - 200,50.0,60.0,20.0,,,10.0,4.0,100.0
1291,X-press Instant Noodles Vegetable Flavour 70g - WAI WAI - 70g packet,21.0,10.0,0.0,,63.0,1.5,2.0,481.0
1292,amul,,,,,,,0.0,
1293,Oats - Kellogg's,9.0,1.7,67.8,0.0,,11.6,,379.0
1294,Khatta Meetha - Haldiram - 1,29.25,12.48,57.38,4.26,4.01,9.26,0.0,530.0
1295,Breakfast Protein Bar Apricot Fig - Yoga Bar - 50g,15.0,2.0,2.7,61.0,18.4,7.0,16.4,444.0
1296,Milk Bikis - Britannia - 100g,13.793,6.897,75.862,27.586,3.448,6.897,0.776,100.0
1297,Aquafina - 500 ml,0.0,0.0,0.0,0.0,,0.0,0.003,0.0
1298,Top Ramen Masala - Nissin,15.83,7.72,69.24,1.79,,8.2,,452.0
1299,Chikki Bar - Haldiram's - 45 g,30.81,3.74,46.81,36.13,5.87,16.83,82.025,532.0
1300,SWEET & SALTY,19.0,9.0,72.0,19.5,,7.0,1.115,487.0
1301,Water - gagandeep - 3333,0.0,0.0,0.0,0.0,0.0,0.0,0.0,0.0
1302,Bikano Rasgolla,0.0,0.0,74.72,74.72,,2.88,0.1,320.0
1303,Salt - TATA - 1.0KG,0.0,0.0,0.0,0.0,,0.0,,0.0
1304,Glucon - D - zydus wellness products ltd - 250g,0.0,0.0,90.0,0.0,,0.0,,360.0
1305,LADDU - Daily Delight - 454g,7.143,1.429,0.0,,62.857,21.429,8.571,400.0
1306,Waffy - choco flavoured wafer roll - Dukes - 250 g,14.55,6.73,75.7,47.1,,4.2,,450.0
1307,Salsa - Dr. Oetker - 300 g,0.04,0.02,17.1,11.4,,1.7,2.453,75.0
1308,fizz - Appy Fizz,0.0,0.0,13.6,13.6,,0.0,,54.0
1309,Parlè Agro - 1,0.0,0.0,15.7,13.0,0.2,0.0,,62.0
1310,Pomegranate juice -  - 1 l,0.0,0.0,11.8,11.4,,0.0,0.132,47.0
1311,Parle G - 80g,13.0,6.0,77.3,25.0,,7.0,0.0,454.0
1312,Peanut Butter - Sundrop,55.0,14.8,15.2,11.7,7.8,26.8,0.538,647.0
1313,Corn flakes - Kelloggs - 475 g,1.0,0.6,86.9,9.2,2.5,6.7,1.225,260.0
1314,Amul kool Cofe - 200 ml,9.0,5.8,23.8,23.8,,6.0,0.2,200.0
1315,Pre-workout,0.0,,0.0,,,,,
1316,Peanut butter,50.02,3.41,18.8,7.89,,26.35,0.915,630.0
1317,Salted peanuts - Haldiram's - 200g,48.0,24.0,18.5,0.5,,26.0,1.825,610.0
1318,Peanut Butter Crunchy - Dr. Oetker FUNFOODS - 400g,,,,,,,91000000000000.0,
1319,Kelloggs Muesli With 20 Nuts Delight - 400g,6.5,0.7,3.2,1.7,0.0,78.7,21.5,395.0
1320,Munch - nestle - 10.4g,6.0,6.0,19.0,11.0,5.0,10.0,,130.0
1321,Strawberry et Cream,0.0,0.0,12.2,11.9,,1.0,,49.0
1322,Corn Flakes Original - kellogg - 30g,1.0,0.6,86.9,9.2,2.5,6.7,,378.0
1323,Haldiram Lite Chiwda - Haldiram's - 200 g,31.63,10.64,56.34,2.16,3.86,8.02,1.775,542.0
1324,Veg Hakka Noodles - Chings Secret - 600 g,1.0,0.0,80.67,0.0,,12.0,1.224,373.0
1325,cadbury gems -  - 7.9g,,,,,,,0.0,
1326,Milano - parle - 1,25.8,0.0,67.0,31.5,,3.2,0.48,518.0
1327,Brown bread - Britannia - 400g,1.6,0.5,51.0,1.9,3.0,8.4,1.405,246.0
1328,Amul Shrikand,5.0,2.9,42.0,41.0,0.0,5.3,0.0,234.0
1329,Mango delight - pepsico - 200ml,0.0,0.0,15.0,15.0,,0.2,0.005,61.0
1330,Boost - 500g,2.5,0.0,80.0,9.5,0.0,0.0,,373.0
1331,Snickers Original Bar,24.0,10.0,58.0,47.0,55.0,9.0,1.0,489.0
1332,Honey,0.0,0.0,80.0,80.0,0.0,0.0,0.0,320.0
1333,Britannia cake - 120g,17.0,7.2,50.0,26.5,0.0,5.0,,405.0
1334,potata - pran - 100g,8.0,3.0,36.0,11.0,7.0,4.0,1.225,230.0
1335,ThumsUp,0.0,0.0,9.0,9.0,,0.0,0.0,36.0
1336,Litchi Delight - Tropicana - 200 ml,0.0,0.0,13.4,13.1,,0.1,0.022,54.0
1337,Amul Chocominis - 250g,29.3,28.3,61.1,56.6,0.0,5.3,0.15,526.0
1338,Knorr - 14g,1.1,0.52,10.3,4.15,0.5,0.6,1.303,52.0
1339,chocolate wafer cookies,26.667,23.333,63.333,30.0,3.333,3.333,,500.0
1340,Soy beverage - Soy Milky - 1litre,1.8,0.3,0.4,0.9,1.3,0.5,0.3,39.0
1341,MAD ANGLES - ITC - 80g,31.8,14.3,57.4,6.0,,5.8,1.914,533.0
1342,Waffy Chocolate - Dukes - 60g,23.33,10.0,0.0,,70.0,46.67,0.0,500.0
1343,Mysore Sandal Soap,,,,,,,0.0,
1344,Hot and sour soup - Ching's Secret - 55 g,1.273,0.545,74.545,29.091,,5.273,21.9,327.0
1345,Brianna treat jimjam - Britannia - 100 g,,,,,,,0.0,
1346,Silk chocolate - Cadbury,31.4,21.5,0.1,,58.5,55.3,,543.0
1347,Apple drink - johnson and Johnson - 200 ml,0.0,0.0,12.0,12.0,,0.0,0.292,50.0
1348,VitaminWater,0.0,0.0,0.0,0.0,,0.0,0.0,0.0
1349,Honey Buttee Almond - Murgerbon - 200g,30.0,3.333,46.667,20.0,33.333,20.0,0.733,523.0
1350,Hershey's cocoa powder - Hershey's Hershey's kitchens - 225 g,11.0,10.0,57.9,1.8,33.2,19.6,,409.0
1351,Himalaya honey - Apis - 500,0.0,0.0,79.5,0.9,0.0,0.3,,319.0
1352,Puffcorn - Kurkure - 28,27.1,12.2,0.1,66.5,4.5,,6.4,536.0
1353,Appy - parle agro - 160ml,0.0,0.0,15.8,15.8,0.0,0.0,,63.0
1354,Cadbury bournville premium chocolate - 31 g,35.0,23.4,55.1,45.1,,5.5,,543.0
1355,Takatak Chatpata Masala - Haldiram's - 71g,35.0,17.0,0.1,50.0,0.5,,7.0,543.0
1356,Lays Classics Salted - Lay's,35.5,14.0,51.7,2.6,0.0,7.0,0.51,554.0
1357,Flirty Tomato Tango - Lay's - 29.5g,33.5,13.0,53.2,5.1,,7.1,1.718,543.0
1358,Curls Crax - 23g,24.0,10.8,62.0,2.3,,6.3,3.45,450.0
1359,Bisleri - 500ml,,,,,,,0.0,
1360,Balaji Wafers - 35 g,30.5,0.0,58.1,8.1,,4.8,0.0,526.0
1361,Moong Dal - Haldiram's - 35 g,20.93,5.64,50.66,0.0,,21.31,0.4,476.0
1362,Bhujia Sev - Haldiram's - 150 grams,44.0,12.0,38.0,0.0,4.0,12.0,1.95,600.0
1363,Chocos Fills - kellogg's - 250 g,14.0,4.8,72.0,30.5,5.0,7.0,0.75,126.0
1364,Corn Flakes Original - kelloggs - 250 g,1.0,0.667,87.0,8.333,2.667,6.667,1.25,380.0
1365,Doritos Nacho Cheese Flavours - PepsiCo - 75 g,24.9,11.6,0.1,63.8,4.3,,6.4,505.0
1366,Amul pasteurised butter - 250,11.0,7.0,0.0,0.0,0.0,0.0,0.12,100.0
1367,Maggi Masala 2 Minute 2 Noodles - 280 GM - Nestle - 70g,15.7,6.8,63.5,2.2,3.6,8.0,11.72,427.0
1368,Tulsi green tea tea by - Organic India - 43.75 g,6.0,0.0,15.0,1.0,0.0,3.0,0.0,128.0
1369,Teriyaki Dip Sauce Marinade - Marks & Spencer - 305 g,0.3,0.1,39.4,33.9,0.8,2.0,2.58,170.0
1370,Diet Coke Can - 200ml,0.0,0.0,0.0,0.0,,0.0,,0.0
1371,Protein Powder,0.0,,0.0,,,,,
1372,Oreo Cream Biscuit - Cadbury - 120 g,19.7,9.8,71.4,38.0,0.0,5.3,1.05,483.0
1373,FRUIT N' NUT Dark Chocolate - Amul - 150g,32.5,16.2,0.0,46.7,38.3,,7.2,499.0
1374,Sprite - 2.25l,1.47,1.96,3.42,2.44,1.96,3.42,2.44,1.0
1375,Red Chilli Sauce,0.0,0.0,40.0,20.0,0.0,0.0,6.0,200.0
1376,Glucon-D - 125gm,,,90.0,,,0.0,,360.0
1377,Masala Oats - Saffola - 500 g,7.2,1.3,71.8,5.7,12.9,9.9,6.005,340.0
1378,Monster Energy Drink - 100000000000000 ml,0.0,0.0,42.0,39.0,,0.0,0.408,167.0
1379,masala munch - PepsiCo India holdings Pvt.Ltd - 44g,33.7,15.2,0.1,56.8,1.7,0.0,6.4,556.0
1380,Real Fruit Power Pomegranate - Dabur - 1 l,0.0,,0.0,13.5,13.5,,0.1,54.0
1381,Bisleri Water - 250ml,0.0,0.0,0.0,0.0,0.0,0.0,0.0,0.0
1382,Party Snack - Tong Garden,23.333,6.667,50.0,6.667,10.0,20.0,1.083,500.0
1383,Amul Dark chocolate - 150g,33.1,18.6,51.4,85.5,0.0,6.4,95.0,521.0
1384,Chocapic,4.6,1.3,73.3,24.9,8.0,8.6,0.22,385.0
1385,Kabuto Noodles Chicken Ramen,0.9,0.2,13.1,2.0,0.7,2.6,0.9,71.0
1386,Jelly Belly Gourmet Jelly Beans - 4 lbs,0.0,0.0,93.333,70.0,,0.0,0.083,366.0
1387,Saffola oats,1.6,0.0,66.8,0.5,10.4,12.6,,6.0
1388,Thums up - thumbs up - 250 ml,0.0,0.0,9.7,9.5,0.0,0.0,0.055,39.0
1389,Haldiram moong dal - 200 g,20.93,5.64,50.66,0.0,7.52,21.3,0.063,238.0
1390,Goody - 340g,15.0,7.0,,8.0,4.0,2.0,7.0,180.0
1391,Coke - Coca-Cola - 750cl,0.0,0.0,11.0,11.0,,0.0,,44.0
1392,Hide & Seek - PARLE - 120g,18.0,9.4,73.4,32.2,0.0,5.9,0.0,479.0
1393,Sweetened multi grain cereal with marshmallows - Kellogg's,3.45,1.7,0.0,0.0,0.0,,89.66,379.0
1394,Dark Fantasy - Sunfeast - 20g,25.0,11.4,0.1,63.9,37.6,,5.7,504.0
1395,Kinley Mineral Water - 1 l,0.0,0.0,0.0,0.0,,0.0,0.0,0.0
1396,Kurkure Masala Munch - 95 g,34.6,15.6,55.2,1.4,,6.4,2.23,558.0
1397,Coke - Coca-Cola - 355 ml,0.0,0.0,0.0,0.0,,0.0,0.02,0.0
1398,Rillettes de saumon - Le Père Eugène,15.6,7.6,1.7,1.1,,13.6,0.8,203.0
1399,Chyawanprash with Saffron - Patanjali - 500 g,,,,,,,0.0,
1400,Creme fraiche - Delhaize - 250 ml,20.2,14.1,5.1,3.2,0.3,2.3,0.1,215.0
1401,Milk Bikis -  - 200 g,22.0,13.0,68.0,31.5,,7.0,0.0,498.0
1402,Отруби хрустящие - Диетмарка - 200 g,3.5,,30.0,,45.0,15.0,,210.0
1403,Bonbons longs gélifiés qui piquent - U - 200 g,2.5,1.5,79.0,55.0,0.8,2.7,0.53,358.0
1404,Chocolate - Cadbury - 20 g,27.9,18.7,64.2,61.0,,5.6,0.231,527.0
1405,Cantucci Toscani - Fine food - Coop - 250 g e,18.0,3.5,64.0,24.0,3.0,12.0,0.775,471.0
1406,3.76E+12,18.6,5.2,35.8,11.4,,11.9,0.0,351.0
1407,La Trappe Isidor - Brasserie Koningshoeven - 33 cl,,,,,,,,
1408,Biere abbaye St Erwann 7° - Britt - 12*25 cl,2.2,0.51,2.2,0.6,,0.6,0.0,46.0
1409,Ketchup P'tits Heinz - 280 ml - 310 g,0.4,0.1,16.7,15.9,,1.7,2.3,80.0
1410,Nescafe Classic Pure Coffee - Nestle - 25 g,0.0,0.0,10.0,7.0,0.0,0.0,0.0,10.0
1411,Haldiram's Moong Dal - 200g,20.0,2.86,0.0,,51.43,0.0,5.7,457.0
1412,Dairy milk chocolate - cadbury - 13.2g,27.7,16.9,64.1,61.2,2.0,5.9,0.254,530.0
1413,Smiles - Mc Cain - 750 g,7.73,3.54,27.58,,,2.97,,192.0
1414,Crousty chicken - Le gaulois,7.2,1.0,16.0,1.4,1.5,19.0,1.3,208.0
1415,Boost Plain - 500 g,0.5,,16.4,1.9,,,,76.0
1416,Potato Chips Salt & Vinegar Flavour - Lay's,36.0,14.0,46.0,0.7,5.2,7.4,2.278,535.0
1417,Potato Chips Salted - Lay's - 36 g,36.0,14.0,46.0,0.7,5.2,7.4,1.341,535.0
1418,50-50 - Britannia - 50g,26.0,13.0,60.0,10.0,,7.0,,502.0
1419,Veg hakka -,1.0,0.0,78.0,0.0,,12.667,1.208,373.0
1420,Lays -  - 55 g,21.154,7.692,30.769,1.923,0.0,3.846,1.361,313.0
1421,Tata salt - 1kg,0.0,0.0,0.0,0.0,0.0,0.0,0.092,0.0
1422,Royco Minutesoep X3 Groenten Supreme,1.6,1.1,4.4,0.6,,0.6,0.85,36.0
1423,Acras de morue - Carrefour - 160 g,10.0,1.2,21.0,3.5,3.2,8.4,1.7,219.0
1424,Amul Cheese chiplet - 200g,28.0,16.0,,0.0,0.0,0.0,20.0,320.0
1425,Rooh Afza - hamdard - 750 ml,0.0,0.0,100.0,3.5,0.0,0.5,,414.0
1426,Huile D'olive  Vierge extra - Cauvin,100.0,14.0,81.0,5.0,0.0,0.0,0.0,900.0
1427,Taboulé à l'orientale - 250 g,9.3,0.9,25.0,3.8,,4.3,1.2,204.0
1428,Cadbury Dairy Milk Chocolate - 24g,28.9,17.5,60.4,57.3,,8.1,0.396,534.0
1429,amul taaza toned milk - 500 ml,,4.7,0.0,0.0,3.0,0.0,,
1430,Tamari soya sauce - Lima - 1 l,0.0,0.0,5.3,1.7,0.9,12.0,10.3,96.0
1431,Noix de cajou nature - Boni - 250 g,44.0,7.8,27.0,5.9,3.3,18.0,0.03,581.0
1432,Amul butter - 100.0 g,80.0,0.0,0.0,0.0,0.0,0.5,2.09,722.0
1433,FROOTI - Parle Agro - 600 ml,0.0,0.0,16.2,15.8,0.0,0.0,0.0,65.0
1434,Parle - 22g,,72.7,0.0,0.0,9.2,0.1,,
1435,Ritter Sport Noir Noisettes Entières - 100 g,40.0,16.0,19.0,40.0,37.0,,8.2,570.0
1436,Nutella & Go! - 48 g e,25.0,9.0,62.0,42.3,,7.4,0.686,509.0
1437,coco cola company - sprite - 250 ml,0.0,0.0,12.2,11.7,,0.0,0.025,49.0
1438,Aashirvaad - ITC - 5Kg,1.8,0.0,77.4,5.6,11.1,10.8,0.0,369.0
1439,Maggi Masala Noodles - Nestle - 140g,15.7,6.8,63.5,1.2,3.6,8.0,2.931,427.0
1440,Buttermilch - Dessert - Sachsen Milch - 200 g,4.1,2.8,13.4,12.9,,3.6,0.17,108.0
1441,masala - Lay's - 30g,33.1,12.5,0.1,53.4,2.5,,6.9,539.0
1442,San remo vegeroni shapes 375g - Unknownn,,,,,,,0.0,
1443,Chocolate syrup - Hershey's - 200g,0.56,0.5,66.6,63.7,0.0,1.27,6.0,276.0
1444,Coffee - nescafé - 50g,0.0,0.0,0.0,0.3,0.0,0.1,0.0,1.0
1445,Sunfeast Dark Fantasy Choco Fills -  - 20,25.0,11.4,63.9,37.6,,5.7,0.1,504.0
1446,Amul Taaza - 1L,3.0,2.0,0.0,0.0,,3.0,4.8,58.0
1447,Barritas alteza de platano y chocolate,13.0,6.4,69.0,29.0,,5.8,0.4,424.0
1448,Maggi 2-minutes Noodles - 70 g,15.7,6.8,0.24,44.5,5.0,3.9,10.4,437.0
1449,MARCO CRUNCHY PEANUT BUTTER - 410 g,17.0,2.0,6.0,2.0,1.0,8.0,0.162,209.0
1450,Peanut butter creamy - Dr.Oetker FunFood - 925 g,51.0,10.4,19.3,7.5,,26.3,,641.0
1451,American Style Cream & Onion - Lay's - 24g,34.0,13.5,51.6,2.0,,7.8,1.885,544.0
1452,Fresh Tomato Ketchup - Kissan - 950g,4.4,0.0,204.0,195.0,4.0,8.67,2.4,889.0
1453,Passendale classic - 190g (5*38g),29.0,20.0,0.0,0.0,0.0,23.0,1.5,353.0
1454,Crousti Bistro Express - Findus,7.8,0.8,29.0,0.5,2.4,3.2,,204.0
1455,Chicken noodles - Maggi - 71 G,15.6,7.2,64.9,1.7,2.0,8.5,3.138,434.0
1456,"Pepsi - 1,5 L",0.0,0.0,10.4,10.4,0.0,0.0,,42.0
1457,Diet coke - The Coca-Cola Company - 500 ml,0.0,0.0,0.0,0.0,58.0,0.0,0.0,0.0
1458,Heinz Tomato ketchup - 400ml,0.1,,23.2,22.8,,1.2,1.8,102.0
1459,Chips barbecue - Lay's - 130 g,32.0,2.6,52.0,2.8,4.4,6.4,1.3,532.0
